	Longueur d'onde (nm)	Intensité	Numéro	Intensité normalisée
0	193.453495	8311480.25642494	265.0	1.0310365833780664
1	193.726831	7370128.07940733	292.0	0.9142621337729586
2	194.066039	5964855.66085358	345.0	0.7399385201156835
3	213.201699	5345137.25387572	370.0	0.6630626412981857
4	213.859231	1554473.9250244	730.0	0.19283201489512242
5	214.518938	3050045.10483672	516.0	0.37835716226467914
6	215.300638	2589231.76739117	555.0	0.3211934087145663
7	216.1579	1868814.67171152	672.0	0.23182588836672996
8	216.677326	159527991.445007	11.0	19.789398540107186
9	217.129691	2788721.2305208	536.0	0.34594001559317894
10	217.321355	3181805.95840117	505.0	0.39470205584450246
11	217.68401	2292481.53934159	598.0	0.2843816336991125
12	219.120418	1725762.33227636	701.0	0.21408028941864216
13	219.183908	48981394.8626233	61.0	6.076127049596532
14	219.604199	28982502.6033212	92.0	3.595270582370066
15	220.038993	21452885.9787721	115.0	2.6612239433588507
16	220.072429	11382853.4619096	197.0	1.4120394900039857
17	222.817144	958258.676295553	930.0	0.11887169566894079
18	225.079023	1113592.48762872	871.0	0.1381408074491485
19	225.928244	631610.085145678	1117.0	0.07835103785662352
20	225.951006	6372902.03104185	334.0	0.7905565475186264
21	226.505412	983857.913525371	919.0	0.12204727321664816
22	226.708447	2254880.69985414	601.0	0.27971726106256334
23	227.206942	2618893.51519318	554.0	0.3248729394560567
24	227.519159	585344.802165434	1154.0	0.07261184365519396
25	227.602564	9252497.36280962	245.0	1.1477694675736552
26	227.993675	1285021.0486661	805.0	0.15940646800687744
27	228.330395	738173.802558732	1035.0	0.09157023440451743
28	228.365496	735423.672894392	1039.0	0.09122908166090404
29	228.408535	6579971.80435507	325.0	0.8162434895567425
30	228.724949	6625790.03753881	319.0	0.8219272273676654
31	229.252458	2762305.48550415	538.0	0.3426631505042798
32	229.384741	546670.832875774	1182.0	0.0678143495949445
33	229.440788	3543148.60057751	471.0	0.4395265000739527
34	229.692661	1195310.55900747	839.0	0.14827790920661957
35	229.778687	10557940.9561699	217.0	1.3097093460027127
36	229.816882	30692551.7159695	90.0	3.8074016517004265
37	229.921991	3562228.07236958	466.0	0.4418933027134642
38	230.014164	3546165.68706655	470.0	0.4399007687300096
39	230.168355	2562835.32360629	559.0	0.31791893793756415
40	230.342417	2171419.73602679	619.0	0.26936395402998364
41	230.358055	2412169.4940004	582.0	0.2992288878627178
42	230.899878	5146637.00247903	375.0	0.6384387458324503
43	231.310413	8594360.34939339	261.0	1.0661277723794962
44	232.035752	13871423.0633375	166.0	1.720745787822755
45	236.945612	855951.768085631	987.0	0.10618055500056325
46	237.143028	1545726.00340125	733.0	0.1917468378937069
47	237.36243	5506433.53879637	367.0	0.6830713961030361
48	237.45185	1060062.8347135	894.0	0.13150047037941193
49	238.183431	2501554.36584064	567.0	0.3103170538722089
50	238.997273	3743553.24914104	453.0	0.4643866354256909
51	243.818221	3832444.48074313	444.0	0.47541356551464115
52	243.974488	57772768.7911414	49.0	7.166694296201188
53	244.256819	43039698.4819149	68.0	5.339061431098575
54	244.387166	3928460.13692926	439.0	0.4873242782939231
55	244.521265	645369.640353618	1105.0	0.08005790647120391
56	244.770917	3327783.86226255	487.0	0.41281057016475037
57	245.347592	7709798.61158988	282.0	0.9563981593870464
58	245.356823	2042201.77977844	644.0	0.25333450608436564
59	245.75968	32818623.2007813	85.0	4.071140169038946
60	245.85679	598277.136030228	1146.0	0.07421609571519909
61	246.218086	7706808.76390383	283.0	0.9560272696961682
62	246.264707	77738846.1816378	34.0	9.643480088990176
63	246.373043	4652658.98484247	399.0	0.5771609238495174
64	246.514911	23256384.8687209	107.0	2.884947428977617
65	246.887968	16680402.5558333	139.0	2.0691988346170533
66	247.096525	1556794.05226141	729.0	0.19311982596916064
67	247.233614	5787883.28882627	352.0	0.7179851515004722
68	247.235118	5955692.39682018	346.0	0.7388018200153273
69	247.287203	8667835.57508152	259.0	1.0752423516504823
70	247.289473	129759460.45982	15.0	16.09662137740799
71	247.315677	3717522.73166026	456.0	0.46115755769477773
72	247.481423	24790264.9707146	103.0	3.0752247864253066
73	247.665658	5135244.37164577	376.0	0.6370254934625212
74	247.686504	483258.127683857	1231.0	0.05994802291344948
75	247.948014	5919832.51374628	350.0	0.7343534124893311
76	247.977624	121042761.194521	16.0	15.015317499933131
77	248.327095	806128549.696402	1.0	100.0
78	248.353328	5930208.17637824	348.0	0.7356405102649732
79	248.418719	92857561.3496134	27.0	11.51895208085419
80	248.59901	1625732.5961002	720.0	0.20167163124447968
81	248.637304	3308120.22405737	491.0	0.41037130186038556
82	248.669182	7790974.43866003	279.0	0.966467995903905
83	248.706582	10730498.2893047	212.0	1.3311150303938422
84	248.736961	1929472.97269154	660.0	0.2393505320482947
85	248.814253	552406466.571084	2.0	68.52585320035212
86	248.975218	94699803.8040865	23.0	11.747481693800776
87	248.991317	2447840.79832058	579.0	0.3036539022520003
88	249.06441	340916714.713924	3.0	42.290614175905006
89	249.11548	201509015.166042	10.0	24.997131690960803
90	249.198902	3503670.55741678	474.0	0.4346292608959583
91	249.400052	2511880.56901734	564.0	0.31159801621755556
92	249.42513	796388.004468045	1010.0	0.09879168834399607
93	249.587367	1226702.0493553	827.0	0.1521720139818012
94	249.653365	14777350.8966095	154.0	1.8331258584223116
95	250.113174	74222994.8604677	39.0	9.207339808076641
96	250.169377	2211741.30137841	609.0	0.27436583187772956
97	250.50081	3443443.25271815	478.0	0.42715808217126083
98	250.657165	2186433.36431035	614.0	0.2712263900259813
99	250.790017	10579094.7080294	215.0	1.3123334624500793
100	250.875314	707045.738251053	1062.0	0.08770880754903611
101	251.083468	97709146.0381863	20.0	12.120789677401302
102	251.227524	1334692.91261285	784.0	0.16556824753514957
103	251.236465	2125908.11049087	631.0	0.26371825080398326
104	251.585322	206613.628194362	1515.0	0.025630357375653706
105	251.657076	950130.338764863	935.0	0.11786337788466789
106	251.766112	6624613.02598513	320.0	0.8217812194444722
107	251.810145	85600036.4665648	31.0	10.618658339144897
108	251.96293	3941983.17169517	437.0	0.4890018066200198
109	252.191864	1101507.47989378	876.0	0.13664166593635985
110	252.247974	816111.936238257	1006.0	0.10123843604665966
111	252.284917	311551504.729567	4.0	38.647868859985316
112	252.429228	47125892.9322394	63.0	5.845952602719206
113	252.726548	6649969.84166998	315.0	0.8249267246736816
114	252.743442	210014359.375328	8.0	26.052217038389475
115	252.91348	74518741.9654314	38.0	9.24402714598014
116	252.93077	41126493.8350673	71.0	5.101728979894838
117	252.983523	16908167.3210246	137.0	2.0974529840671723
118	253.287593	452704.420428509	1258.0	0.056157844874617474
119	253.314095	3301149.33426442	493.0	0.4095065651139231
120	253.560682	42240277.1917408	70.0	5.239893464590606
121	253.717435	83312810.9844236	33.0	10.334928717733696
122	253.745876	1321292.9839925	791.0	0.16390599048875212
123	253.935655	1126816.58872522	865.0	0.13978125314499693
124	254.066032	1079172.96078575	887.0	0.13387107567300277
125	254.097186	71776573.7326546	41.0	8.903862015516824
126	254.210125	85410111.4517206	32.0	10.595098199150385
127	254.392235	74635991.8603657	37.0	9.258571959580708
128	254.465632	535724.559560534	1190.0	0.06645646773858767
129	254.597818	77344623.7859445	35.0	9.594576921394665
130	254.961299	33433323.9193014	84.0	4.147393605138139
131	255.283039	466678.636913943	1248.0	0.05789134215500741
132	255.630372	827065.143242932	1000.0	0.10259717802506997
133	255.686269	707946.23271501	1061.0	0.08782051361183416
134	256.0557	497915.445967082	1216.0	0.06176625876289869
135	256.339895	371363.131575444	1337.0	0.04606748287420214
136	256.455928	450502.142609748	1260.0	0.05588465298486361
137	256.886433	396302.958125868	1308.0	0.04916126072884041
138	256.959678	671824.631919041	1080.0	0.08333964008247301
139	256.974362	379315.067928892	1329.0	0.04705391814639821
140	257.275372	612045.142149664	1132.0	0.0759240126627655
141	257.669004	9283944.54097766	243.0	1.1516704804058993
142	258.453576	30941144.8749909	88.0	3.8382395570338894
143	259.415106	943736.157610706	940.0	0.117070181668436
144	259.956642	9665320.48882239	236.0	1.1989800500754464
145	260.565678	1242768.21206924	821.0	0.15416501655192363
146	260.682632	19733801.8063242	122.0	2.44797207762412
147	260.92201	3773419.24681769	450.0	0.46809150330165167
148	261.449444	643159.915760668	1107.0	0.07978379081138982
149	261.801804	7541396.59489877	286.0	0.9355079407296707
150	262.35336	13876919.179328	165.0	1.721427579330148
151	262.957226	1011562.52507127	909.0	0.12548402180424414
152	263.223736	4294322.79153732	417.0	0.5327094286828838
153	263.259367	788246.234067174	1014.0	0.09778170421628628
154	263.571918	650819.134092616	1100.0	0.08073391450255951
155	263.580897	10536633.0669011	218.0	1.3070661088568725
156	263.647842	665791.085869268	1086.0	0.08259118054062385
157	264.102912	897717.016234235	965.0	0.11136152125766126
158	264.164559	3512919.90897587	472.0	0.43577664012754286
159	264.399839	8267784.52069515	266.0	1.0256161407270465
160	265.170642	658777.924773539	1091.0	0.08172120005198215
161	265.614508	4363360.62621011	413.0	0.5412735509557881
162	265.67915	714328.819617969	1054.0	0.08861227156475156
163	266.205639	1772224.10247787	689.0	0.2198438577997655
164	266.639857	962867.923720915	928.0	0.11944347140211609
165	266.681221	6808429.32684443	309.0	0.8445835753377757
166	266.696468	2577794.98476849	557.0	0.3197746793286653
167	266.949283	3076922.84601127	515.0	0.38169133783564385
168	267.321293	500987.391802805	1212.0	0.06214733270413051
169	267.90221	2120670.26490499	632.0	0.26306849766128004
170	267.906153	14244561.2735072	158.0	1.7670334686535887
171	268.045292	1297286.81024343	800.0	0.1609280319785231
172	268.921246	9735639.99556943	234.0	1.2077031633771058
173	268.982861	1192030.21736617	841.0	0.1478709838294529
174	269.004619	270562.444174098	1435.0	0.033563188436384644
175	269.702081	1389624.94069	765.0	0.1723825488147455
176	269.910641	4220401.42696892	421.0	0.5235395060202713
177	270.190919	1195026.08881474	840.0	0.14824262076622913
178	270.24495	884081.601871722	976.0	0.10967005227698215
179	270.601226	5658323.18047922	359.0	0.7019132596916726
180	270.658205	10909704.3716213	209.0	1.3533454900871615
181	270.857054	9580923.6860094	239.0	1.1885106525029656
182	271.054351	1785291.43640239	688.0	0.22146485657588397
183	271.165486	4681736.1388882	397.0	0.580767935914365
184	271.486912	481033.905995528	1233.0	0.0596721088933882
185	271.625767	613310.616671074	1128.0	0.07608099439004541
186	271.641821	839570.750015641	993.0	0.10414849471983517
187	271.778632	790253.848855688	1012.0	0.09803074821668423
188	271.843604	9072939.8663483	252.0	1.1254954150631784
189	271.90272	213653410.944209	7.0	26.503640272345343
190	271.906026	8368967.39736418	264.0	1.038167845626611
191	271.941996	6646353.22603368	316.0	0.8244780846102994
192	272.090204	106413159.774799	18.0	13.200519918923046
193	272.203836	277610.662294292	1430.0	0.03443751773818749
194	272.357709	33824412.4774372	83.0	4.195908021143265
195	272.495309	3559673.0386454	468.0	0.441576351561549
196	272.580654	353528.963163571	1359.0	0.04385515973807335
197	272.605496	4356614.35381608	414.0	0.5404366779289526
198	272.802081	2705644.22018612	544.0	0.3356343378739159
199	272.881978	5021272.29075234	380.0	0.6228872916910602
200	273.098172	1496473.05138349	741.0	0.1856370242620833
201	273.128153	770102.844153242	1022.0	0.09553102224741604
202	273.35802	59290921.6032394	48.0	7.355020688148199
203	273.400538	1254018.80784632	816.0	0.15556064951658136
204	273.547518	30978967.4583322	87.0	3.842931436927679
205	273.730891	42881698.6397572	69.0	5.319461599010106
206	273.763973	2494831.28677013	568.0	0.3094830579700613
207	274.225398	14487681.6794016	156.0	1.79719248063573
208	274.240512	47713506.9292437	62.0	5.918845939300028
209	274.356519	2883688.96095236	528.0	0.35772073350316064
210	274.406714	18231465.8733329	131.0	2.261607764692008
211	274.452716	6264765.81159177	338.0	0.7771422825740583
212	274.700224	1641955.66052022	717.0	0.20368409742324606
213	275.014032	40759703.1560074	72.0	5.056228708356503
214	275.368672	3271174.50622253	496.0	0.4057881968644449
215	275.403198	3045285.0660643	519.0	0.37776668091102744
216	275.442688	1258297.29200149	812.0	0.15609139416726778
217	275.51811	912889.529440081	958.0	0.1132436668796666
218	275.626644	1264482.01641403	810.0	0.15685860733877366
219	275.632792	14241752.5581967	159.0	1.7666850483784902
220	275.731536	7024418.51258841	301.0	0.8713769677595332
221	275.742222	408563.799023778	1300.0	0.05068221429170921
222	275.981357	1879113.15247805	669.0	0.23310341175557514
223	276.061603	326084.630792202	1386.0	0.04045069870245999
224	276.177959	8183989.6028344	269.0	1.0152214067987781
225	276.202644	10735364.3730304	211.0	1.3317186665915097
226	276.310954	1934497.39997936	657.0	0.23997381071640692
227	276.690911	1679793.82767076	709.0	0.2083779104838045
228	276.752184	12207665.3253491	185.0	1.5143571493587045
229	276.9298	4846670.36588353	391.0	0.6012279763207551
230	276.967066	626919.140248466	1122.0	0.077769127577056
231	277.207371	2508225.08325264	565.0	0.31114455432663546
232	277.210984	6080261.62770708	343.0	0.7542545950018743
233	277.472944	1108500.12257049	873.0	0.13750910112139866
234	277.822004	9807774.85331091	231.0	1.2166514704143203
235	278.069735	1458885.91835023	752.0	0.18097435190698363
236	278.183563	1362646.38417042	771.0	0.16903586713106855
237	278.434041	518879.937891406	1204.0	0.06436689757320004
238	278.793144	1327188.88105521	788.0	0.16463737471586212
239	278.810461	76503884.7551655	36.0	9.490283501803505
240	278.980132	3382534.56839305	484.0	0.41960237851232973
241	279.239871	523422.906470386	1200.0	0.06493045143575595
242	279.470189	898502.668025714	963.0	0.1114589811220681
243	279.553986	943264.441889848	941.0	0.11701166547755852
244	279.777518	3870965.38362875	440.0	0.4801920717342915
245	280.361272	1925352.7272338	661.0	0.23883941685962018
246	280.452009	9066747.6198737	253.0	1.124727268782175
247	280.486239	2631233.43172903	552.0	0.3264037023276232
248	280.6984	12173447.9485877	188.0	1.5101124942383413
249	281.20417	710971.090500209	1058.0	0.08819574629480244
250	281.328628	36480747.8774488	79.0	4.5254256149578005
251	281.550654	493382.35417335	1219.0	0.06120393011253154
252	281.750365	695182.559381864	1068.0	0.08623718383918774
253	282.327574	9931953.42881115	229.0	1.2320557847196514
254	282.555564	11193449.579958	205.0	1.3885439963853894
255	282.880813	1199224.55499806	837.0	0.1487634392119846
256	283.243532	20348760.1599631	120.0	2.524257473280992
257	283.475311	1143392.72771592	857.0	0.14183751811625278
258	283.545618	724753.261934676	1049.0	0.08990542044536534
259	283.595008	613044.215029647	1129.0	0.07604794734791703
260	283.811948	5928659.9012444	349.0	0.7354484472082283
261	284.042166	684794.885623201	1073.0	0.08494859608695204
262	284.093707	329172.501730855	1382.0	0.04083374814783888
263	284.363058	4899030.9466764	388.0	0.6077232903513262
264	284.397643	20698765.6841174	119.0	2.5676755514877634
265	284.559425	3792155.60043816	446.0	0.4704157422369339
266	284.571357	375458.828849511	1333.0	0.04657555286820116
267	284.682965	349131.855990489	1364.0	0.04330969993830096
268	284.871461	759796.48673496	1025.0	0.09425252176233043
269	285.179684	15534191.7533888	147.0	1.9270117351927518
270	285.37716	1015359.9851801	907.0	0.12595509556912443
271	286.342974	2162763.32742004	621.0	0.26829012919025924
272	286.386328	938007.400461286	943.0	0.11635953109644254
273	286.662471	953057.201791649	933.0	0.11822645434783102
274	286.73093	452218.274819768	1259.0	0.05609753866056214
275	286.756164	612611.841519161	1130.0	0.07599431154620169
276	286.845391	1151118.19672309	853.0	0.14279586018341806
277	286.930721	2044716.20976968	642.0	0.25364642035563006
278	287.233374	1379763.39654077	766.0	0.1711592272796201
279	287.417205	2660481.33102098	548.0	0.33003189528803445
280	287.53019	627657.938816597	1120.0	0.07786077531343863
281	287.730061	2453146.50714979	577.0	0.3043120738092796
282	288.374765	569963.107876889	1169.0	0.07070374918386703
283	288.631663	358378.146500912	1351.0	0.044456699447734685
284	288.78048	1855748.66504852	675.0	0.23020505423699705
285	288.795654	294375.423906507	1416.0	0.036517181287943776
286	288.99005	149213.054081146	1595.0	0.018509833715397064
287	289.247758	1855942.34878327	674.0	0.23022908064504613
288	289.388053	347016.888346223	1365.0	0.043047338848985546
289	289.450402	6584308.55281775	324.0	0.8167814618769528
290	289.503472	1665528.04986081	712.0	0.2066082451102952
291	289.941447	3849226.99764854	442.0	0.477495431603087
292	290.138059	973278.121415882	922.0	0.12073485324176034
293	290.191002	4771622.38774977	394.0	0.5919182975899839
294	290.408629	281828.039165325	1422.0	0.034960682048969106
295	290.751736	3127625.43529492	511.0	0.38798097852666585
296	290.88558	1887531.57054939	668.0	0.23414771394218178
297	291.092577	369673.226955396	1338.0	0.04585785072301676
298	291.215723	4960773.985226	386.0	0.6153824953965827
299	291.225641	389059.716637701	1318.0	0.04826273883789698
300	291.430336	539743.060618887	1187.0	0.06695496156564122
301	291.80246	16473621.3917646	140.0	2.043547694467436
302	291.984079	1982183.66598241	648.0	0.24588927742714548
303	292.069081	1751584.57756965	692.0	0.21728353104840645
304	292.32855	16021730.0309697	142.0	1.9874907093916576
305	292.38524	6085763.02620444	342.0	0.7549370418026273
306	292.535761	2656327.3733387	549.0	0.3295165981082181
307	292.900692	6700119.38742061	312.0	0.831147760483605
308	292.91177	14032807.6501772	162.0	1.7407654964536525
309	293.690315	35162593.5889146	81.0	4.361908978680543
310	294.134264	3947337.04373628	436.0	0.48966595280900255
311	294.73617	1344428.5363519	779.0	0.16677594868191042
312	294.787579	34361008.3469697	82.0	4.262472574617346
313	294.84334	5520764.22991832	366.0	0.6848491139530425
314	295.348572	4589020.40010824	405.0	0.5692665768798937
315	295.39398	24620285.8561518	104.0	3.0541389292593726
316	295.465223	2162330.77164657	623.0	0.26823647077887647
317	295.685579	376015.490094478	1332.0	0.04664460652536002
318	295.736437	13572142.2538681	168.0	1.6836200949562619
319	295.748528	1148787.52004671	854.0	0.142506740454653
320	295.99919	12646060.2321843	179.0	1.5687399034492655
321	296.06598	1145281.06202347	855.0	0.14207176540947433
322	296.525433	8871071.15967237	256.0	1.1004536637504434
323	296.689802	86255830.0498592	30.0	10.700009332549284
324	296.847802	633645.973677757	1115.0	0.07860358920626194
325	296.935959	947610.280755069	938.0	0.11755076545942342
326	296.947434	2314348.1166684	595.0	0.2870941759276498
327	297.009942	13992193.3874784	163.0	1.7357273095895231
328	297.011822	2727912.68685324	541.0	0.3383967343521831
329	297.31323	25132962.675215	102.0	3.1177363318394296
330	297.323506	45400911.2480333	66.0	5.631969152454885
331	297.612673	2024829.09008328	646.0	0.2511794292418816
332	298.05322	2154299.47703459	624.0	0.26724019113898473
333	298.144486	9079080.42107332	251.0	1.1262571489984587
334	298.184977	5565389.18453033	363.0	0.690384825922159
335	298.222916	357807.465130783	1354.0	0.04438590659833815
336	298.356951	57310396.3117691	50.0	7.109337131571993
337	298.729033	4337981.81288303	415.0	0.538125316925789
338	298.89438	138747.545660342	1611.0	0.01721159059713194
339	299.039127	7439747.5474446	290.0	0.9228984074868086
340	299.442662	61877598.1011667	47.0	7.675897116467414
341	299.450197	1175362.68756016	846.0	0.14580338185551378
342	299.638525	2238665.15662542	604.0	0.277705727885277
343	299.95114	23636875.8435765	105.0	2.9321472180185704
344	300.045121	4026736.11439569	431.0	0.4995153832366077
345	300.09476	52747891.1620428	55.0	6.543359763391125
346	300.30305	4308321.94947004	416.0	0.5344460199421802
347	300.41133	807941.382927254	1007.0	0.1002248814077525
348	300.53026	1196157.40680413	838.0	0.14838296041674962
349	300.71452	3500926.50884475	475.0	0.43428886250998583
350	300.728234	3763085.32731319	451.0	0.4668095837482018
351	300.813796	28858013.4721644	93.0	3.5798277437305366
352	300.909315	2327406.72821802	594.0	0.28871409269583
353	300.956911	15549661.2687134	146.0	1.9289307238367375
354	301.14811	6532140.01040685	328.0	0.8103099701489216
355	301.59186	1511041.73870443	738.0	0.18744426546777274
356	301.618458	2994905.30483375	524.0	0.37151708694124136
357	301.762704	5564294.85757795	364.0	0.6902490749984642
358	301.898281	8421367.78995579	263.0	1.0446680982986374
359	301.9288	671341.410872344	1081.0	0.08327969665944465
360	302.049056	27108594.905103	97.0	3.362812905623109
361	302.063878	208349954.955873	9.0	25.845748179287312
362	302.107248	92303007.1929511	28.0	11.45015980735499
363	302.403247	6675721.88730418	313.0	0.8281212580572095
364	302.56362	21100816.4355802	116.0	2.6175498242218356
365	302.584226	28357085.7247014	95.0	3.5176878098885136
366	302.646179	6269952.64385968	337.0	0.7777857075302719
367	303.014796	14991798.1383929	151.0	1.8597279731674305
368	303.163654	4646220.15544643	401.0	0.5763621890325376
369	303.309963	431651.574864709	1278.0	0.053546245822365966
370	303.738855	40436680.6996261	74.0	5.016157871453016
371	303.93173	567728.823857576	1171.0	0.07042658693472521
372	304.042694	3360651.10779021	485.0	0.4168877419185653
373	304.163715	2505299.13415495	566.0	0.3107815912360971
374	304.173858	5594623.50229376	360.0	0.6940113340981118
375	304.20195	2665279.30196066	546.0	0.3306270821154315
376	304.266466	4218474.65199259	422.0	0.5233004901738464
377	304.558742	526788.210663511	1197.0	0.06534791639148693
378	304.760437	57111755.3150921	51.0	7.0846957766972904
379	305.306552	2135227.54960259	627.0	0.26487432437503217
380	305.526232	3154864.02644617	508.0	0.39135991742685844
381	305.744545	37777353.215676	78.0	4.686269110541169
382	305.908538	44182131.0921706	67.0	5.4807798469375815
383	306.053751	754309.810777616	1028.0	0.09357190128816285
384	306.098321	425467.656437087	1284.0	0.05277913263304263
385	306.647863	1331881.88350529	785.0	0.1652195402342335
386	306.69987	2708203.73265216	543.0	0.3359518446123888
387	306.71184	1743531.32706437	697.0	0.21628452778666696
388	306.724366	27975784.0315535	96.0	3.4703874514913937
389	306.817338	2134422.7707141	628.0	0.26477449180009194
390	307.39785	751228.766710542	1029.0	0.09318969871411502
391	307.57194	19415616.0537909	124.0	2.408501232353458
392	307.84316	1228990.72676363	825.0	0.152455923714212
393	307.99892	1095206.05570962	880.0	0.13585997619388226
394	308.374072	11154941.5248818	206.0	1.3837670839325678
395	309.020492	345284.504165644	1369.0	0.042832437121310546
396	309.157641	6587890.92739748	322.0	0.8172258543477416
397	309.380486	420666.648522389	1286.0	0.05218356906982358
398	309.526657	472418.708389899	1242.0	0.05860339626574667
399	309.81885	1845941.54772531	677.0	0.22898848433299063
400	309.989442	6953523.59177334	304.0	0.8625824745187505
401	309.996786	9796902.56498255	232.0	1.2153027663729545
402	310.030329	11471119.4036894	193.0	1.422988853081753
403	310.066467	11974437.0144732	191.0	1.4854252487376762
404	310.083615	896389.568042639	967.0	0.11119685171555212
405	310.100208	1075220.37459136	889.0	0.13338075856466086
406	311.207742	1008779.06801822	911.0	0.12513873480825594
407	311.663143	1855054.19255202	676.0	0.23011890513624117
408	311.949482	2200707.85690353	611.0	0.2729971364656845
409	312.043525	1471322.68573521	747.0	0.18251712909675866
410	312.565054	1865398.87758625	673.0	0.23140216015036094
411	312.56824	2844706.94609637	531.0	0.35288502648463727
412	312.933329	487226.771045301	1226.0	0.060440331908452646
413	313.251786	3257285.46264053	499.0	0.404065265256672
414	313.410973	925453.659132216	950.0	0.11480224332468479
415	314.245232	816352.068548044	1005.0	0.10126822438623373
416	314.28887	995010.712501119	915.0	0.12343077451801608
417	314.399022	7617511.68761562	285.0	0.9449499946980503
418	314.50572	724899.811918964	1048.0	0.08992359992608752
419	314.779524	897821.309442662	964.0	0.11137445879826396
420	315.319962	2133838.31365098	629.0	0.2647019900801938
421	315.331421	551877.329315811	1179.0	0.06846021388569538
422	315.449611	956116.064133374	932.0	0.11860590528563457
423	315.627342	6065020.87688496	344.0	0.7523639845244436
424	315.703585	4271004.7587345	418.0	0.5298168338465389
425	315.788474	3328000.05821002	486.0	0.412837389205901
426	315.798709	485769.374987744	1228.0	0.06025954237332133
427	316.065717	5370593.79221421	369.0	0.6662205170920745
428	316.137083	788666.30409381	1013.0	0.09783381377459359
429	316.194619	1920998.12417185	664.0	0.238299229681832
430	316.585758	1460240.48780299	751.0	0.18114238583324394
431	316.643508	2169991.90628193	620.0	0.2691868321868982
432	316.885375	542906.8032845	1185.0	0.06734742287554081
433	317.135108	2172111.5968993	618.0	0.26944977915958246
434	317.166259	405795.420762279	1302.0	0.0503387978152004
435	317.544444	5096503.38539559	378.0	0.6322196859688193
436	317.636027	462335.56016818	1252.0	0.05735258481321636
437	317.801268	3715253.15381436	457.0	0.460876017257244
438	318.022325	12223825.6660426	183.0	1.516361834678383
439	318.151907	2464182.33808411	573.0	0.3056810652608882
440	318.191209	268676.18308613	1438.0	0.03332919832541805
441	318.20556	916621.206986395	955.0	0.1137065803377893
442	318.29781	3938462.32251028	438.0	0.4885650463556407
443	318.489439	558454.020529145	1175.0	0.06927605041893947
444	318.856763	1790875.7429028	684.0	0.22215758808905428
445	318.881875	3792128.76785298	447.0	0.4704124136629503
446	319.064942	1079703.05896571	886.0	0.133936834190073
447	319.08166	852795.596200838	989.0	0.10578903284370854
448	319.1111	258927.983825166	1453.0	0.03211993718901055
449	319.165893	596657.037078771	1147.0	0.07401512293584932
450	319.280021	7536390.28046003	287.0	0.9348869089549462
451	319.322569	1435948.89575866	755.0	0.17812902127079563
452	319.329965	6554760.74313769	327.0	0.8131160651246373
453	319.442383	989249.405428692	916.0	0.12271608613803042
454	319.612206	2678221.10144962	545.0	0.332232508383219
455	319.692708	20987274.9107176	117.0	2.6034650327942943
456	319.698648	332920.169518115	1378.0	0.04129864519045962
457	319.95302	6429139.12782443	332.0	0.7975327421719184
458	320.255569	746422.671080905	1031.0	0.0925935040214141
459	320.539789	8918406.22712223	255.0	1.1063255643880885
460	320.707509	568131.306084606	1170.0	0.0704765147318714
461	321.022879	4091221.97822149	429.0	0.5075148349183632
462	321.082878	8588927.15545241	262.0	1.0654537863330986
463	321.160675	584464.095835336	1157.0	0.07250259230434804
464	321.198577	13886523.5915616	164.0	1.7226190037297946
465	321.37573	176039.82815532	1554.0	0.021837686833150714
466	321.401115	18581830.5734013	130.0	2.305070398561054
467	321.406168	18690372.2782489	127.0	2.318534963845149
468	321.439559	522719.1268473	1201.0	0.06484314778879405
469	321.59378	9633391.097779	238.0	1.1950192188835211
470	321.737689	4510727.7941824	408.0	0.559554403064027
471	321.958202	13293910.7371783	170.0	1.6491055604202272
472	321.980425	8242537.17583753	267.0	1.0224842153204687
473	322.191603	1130133.53330434	862.0	0.1401927191054035
474	322.206713	31924522.198365	86.0	3.9602272131892824
475	322.578709	51637643.9056303	56.0	6.405633930851064
476	322.601299	207985.428068919	1511.0	0.02580052873046723
477	322.706042	701015.425567968	1064.0	0.08696074910533552
478	322.779521	11405063.7074655	196.0	1.4147946641712157
479	322.824874	3511611.53784521	473.0	0.4356143370890073
480	322.85974	330354.072614082	1381.0	0.04098032165446783
481	322.999065	2061430.64696705	638.0	0.25571984117711877
482	323.015618	333154.251776371	1377.0	0.04132768302299193
483	323.020722	3246587.15605681	502.0	0.40273814359750876
484	323.096349	5948684.96848876	347.0	0.7379325506743445
485	323.30516	9214898.90496036	248.0	1.1431053903785948
486	323.396736	6182682.95975447	340.0	0.7669599299122881
487	323.461288	285672.629554671	1419.0	0.03543760231073057
488	323.622211	697241.539766675	1065.0	0.08649259972609391
489	323.943258	8810701.23347557	257.0	1.092964792872525
490	323.945683	634042.355718333	1114.0	0.07865276027714455
491	324.418738	11216528.995494	204.0	1.391406990822777
492	324.60045	283948.49759245	1421.0	0.03522372426821858
493	324.648045	638475.412004885	1111.0	0.07920267955344626
494	324.696065	1371416.16337322	768.0	0.17012375555855358
495	324.720998	329126.954108591	1383.0	0.04082809797922978
496	324.820399	4387125.3274677	411.0	0.544221554877314
497	325.062303	823547.798315185	1002.0	0.10216085246271743
498	325.07589	452814.808164738	1257.0	0.05617153843952973
499	325.291431	710825.022056456	1059.0	0.08817762654903631
500	325.35991	2144347.63218406	625.0	0.2660056678294855
501	325.43618	7986278.51697045	275.0	0.9906954070759784
502	325.472374	191805.053106867	1536.0	0.023793358165903337
503	325.72348	820645.862601365	1003.0	0.10180086822510262
504	325.759256	1933927.81762087	658.0	0.23990315419906802
505	325.998925	887385.894080138	970.0	0.11007994871467318
506	326.451229	1290137.85229803	803.0	0.16004120593221913
507	326.561634	6665240.49871831	314.0	0.8268210450093255
508	326.823298	757494.538098945	1027.0	0.09396696573818492
509	327.09998	8220587.44836946	268.0	1.0197613583423433
510	327.148471	885489.228445049	973.0	0.10984466792281893
511	327.646997	679642.427423068	1074.0	0.08430943522333129
512	328.02599	6628793.61998519	318.0	0.8222998208513613
513	328.28904	2521333.27030552	562.0	0.31277062092083024
514	328.458713	1221400.12942672	829.0	0.15151431243648605
515	328.675278	18597200.8835634	129.0	2.306977080834978
516	328.896566	334736.263997144	1376.0	0.04152393115505087
517	329.098811	1609903.04065111	721.0	0.1997079797331852
518	329.20206	7891627.95609155	277.0	0.978954033951984
519	329.25893	3828134.48057632	445.0	0.47487891131235127
520	329.813198	1925113.98495679	662.0	0.2388098009531869
521	330.356867	198133.531491674	1529.0	0.024578403973695456
522	330.597065	12500975.7919398	181.0	1.5507422230173864
523	330.6342	9749048.58210275	233.0	1.2093664944349587
524	330.635695	10412508.396973	219.0	1.291668481521276
525	330.72333	4000256.30454252	434.0	0.49623057092433537
526	331.03412	868416.40543605	979.0	0.10772678945102569
527	331.049027	856976.265430812	986.0	0.10630764358284545
528	331.474131	7480546.47544654	289.0	0.9279595020253044
529	331.712093	383018.007063381	1326.0	0.04751326661332493
530	331.925278	677554.101486685	1076.0	0.08405037902972923
531	332.247325	1922268.15172974	663.0	0.23845677621189448
532	332.373598	3324076.9592399	490.0	0.4123507299787098
533	332.453603	689314.696462278	1070.0	0.08550927723895681
534	332.546445	575756.070741578	1166.0	0.07142236445519948
535	332.886592	3749811.49478498	452.0	0.46516296888346226
536	333.161103	570485.284395864	1168.0	0.07076852502131525
537	333.576869	884800.336118244	974.0	0.10975921104040674
538	333.625685	662636.782134447	1089.0	0.0821998901272017
539	333.766481	1505383.91579963	739.0	0.18674241426712604
540	333.919385	432734.25543118	1277.0	0.05368055201545127
541	334.056432	1035720.10089536	900.0	0.12848076169556644
542	334.190564	920082.744944387	953.0	0.11413598306261472
543	334.229201	672120.103926803	1079.0	0.08337629329465279
544	334.792527	1033488.4803803	901.0	0.12820392985331244
545	335.174378	413200.543467173	1295.0	0.051257401021560324
546	335.40591	952740.236233274	934.0	0.11818713486727246
547	335.52276	3549391.55292039	469.0	0.44030093640240564
548	335.640078	330606.007459109	1380.0	0.04101157409492808
549	336.95471	5290350.25079171	372.0	0.6562663303246264
550	337.078304	9011149.74578573	254.0	1.1178303695086151
551	337.207344	309132.542277782	1402.0	0.03834779730778735
552	337.901774	1097491.6877368	879.0	0.13614350814769294
553	338.010987	3105739.10221545	513.0	0.38526598560305425
554	338.13335	199488.217306882	1525.0	0.024746452334681826
555	338.240187	343936.678646704	1372.0	0.042665239777977704
556	338.369144	1173450.04187824	848.0	0.14556611874373832
557	338.397871	2191101.26735862	613.0	0.271805441971236
558	339.230502	2347214.79165724	591.0	0.2911712769062987
559	339.265213	6361033.2990499	335.0	0.7890842349455982
560	339.458304	1236082.35304812	824.0	0.15333563778551745
561	339.933299	6559858.66093877	326.0	0.8137484602684391
562	340.151837	864759.126507681	983.0	0.10727310511870099
563	340.22556	4799781.61529938	392.0	0.595411441153776
564	340.32895	704870.102756165	1063.0	0.08743892063140896
565	340.435382	3641114.74192529	460.0	0.45167916994089574
566	340.64368	2199848.15187372	612.0	0.2728904903197152
567	340.679933	2910229.44656674	527.0	0.3610130726250508
568	340.745937	26800013.0750571	98.0	3.324533423999227
569	340.753196	459650.206131987	1254.0	0.05701946746646015
570	341.0169	3598264.90953213	462.0	0.4463636613400284
571	341.135315	1525525.77014987	737.0	0.18924100513800216
572	341.313213	10863221.9540347	210.0	1.3475793604042337
573	341.553111	1089327.10036246	882.0	0.13513069358140387
574	341.784044	5658577.55228904	358.0	0.70194481443687
575	341.8507	4649657.74693678	400.0	0.5767886212053771
576	342.265573	3257579.84518599	498.0	0.4041017833213865
577	342.428418	5582411.7996967	361.0	0.6924964761264323
578	342.501	3731924.27984692	454.0	0.4629440653419866
579	342.632491	607086.681470427	1135.0	0.07530891713226921
580	342.637928	1135685.81992424	860.0	0.14088147856219127
581	342.662792	2825391.92653509	532.0	0.35048900421640794
582	342.66657	1961448.95139643	653.0	0.24331714242537816
583	342.71193	22517077.032612	111.0	2.7932365180580954
584	342.819254	4155665.02783169	426.0	0.5155089755097702
585	343.181152	1001087.45288398	914.0	0.12418459230367192
586	344.060547	52891395.7811438	54.0	6.561161467493411
587	344.098835	26026282.580965	100.0	3.2285523928865714
588	344.236163	1031011.22085824	902.0	0.12789662656737957
589	344.387624	9645013.04471261	237.0	1.1964609178455523
590	344.514901	8064430.80142316	270.0	1.0003901740560268
591	344.727782	2638215.08447564	550.0	0.32726977421519493
592	345.032799	3384538.71013621	483.0	0.4198509916825139
593	345.16134	601259.8709902	1141.0	0.07458610307458308
594	345.191434	2727270.11402708	542.0	0.33831702338965713
595	345.227423	1152684.5541641	852.0	0.1429901663448361
596	345.83031	1157806.35304134	850.0	0.1436255239288305
597	345.94261	396046.379754658	1309.0	0.049129432260377574
598	345.99141	1428227.19177089	757.0	0.1771711462531352
599	346.586035	14399955.8040489	157.0	1.7863101126330414
600	346.884432	1002481.60305595	913.0	0.1243575362060427
601	346.9012	1283748.892704	806.0	0.15924865744892372
602	346.983029	509892.881301481	1207.0	0.06325205595230599
603	347.126539	974536.368175928	921.0	0.12089093836745399
604	347.134301	1022575.00463647	905.0	0.12685011652565642
605	347.544997	20261302.5660743	121.0	2.513408385511834
606	347.565068	2216343.20980467	607.0	0.2749366972103112
607	347.63442	2337718.40645399	592.0	0.2899932532267222
608	347.670157	6900076.60863202	307.0	0.8559523926091781
609	347.685393	985820.625063884	917.0	0.12229074698261912
610	348.497873	372064.414431156	1336.0	0.04615447679793503
611	348.53403	1978357.63412993	649.0	0.2454146593462053
612	348.96673	2332153.30523321	593.0	0.28930290412261517
613	349.057352	18719556.782895	126.0	2.3221552927191347
614	349.36889	232322.44502947	1484.0	0.028819528239877563
615	349.528625	2357619.7897281	589.0	0.292462013734163
616	349.710322	3302149.34766059	492.0	0.4096306164698199
617	349.714811	1097522.23569837	878.0	0.13614729761298128
618	349.784032	6359523.94141173	336.0	0.7888969995922867
619	350.05647	916619.960246328	956.0	0.11370642568006535
620	350.486058	418620.792653251	1288.0	0.051929781275071925
621	350.50582	1204256.62725639	833.0	0.14938766623635003
622	350.649748	1746319.60808367	695.0	0.21663041319419288
623	350.84739	1659600.31473546	714.0	0.2058729113812538
624	350.851796	520858.821449309	1202.0	0.06461237747322941
625	351.04388	726179.612994116	1045.0	0.09008235885797673
626	351.222444	472875.76751974	1240.0	0.058660094310991825
627	351.381746	7388539.69241895	291.0	0.9165460887350492
628	351.64086	740561.313067103	1034.0	0.09186640435275585
629	351.655641	907673.55120334	960.0	0.112596626374935
630	351.868262	434122.163708976	1276.0	0.05385272161275913
631	351.886766	309617.377907868	1400.0	0.03840794101939123
632	352.08463	258903.408741235	1454.0	0.032116888657366276
633	352.126097	10381679.4961519	220.0	1.2878441658047926
634	352.183719	891677.877421317	969.0	0.11061236793525475
635	352.22679	1528221.08125689	736.0	0.18957535765634861
636	352.289932	650372.497250464	1101.0	0.08067850933891405
637	352.33084	841998.121433844	992.0	0.10444960940174504
638	352.40739	1748001.91906441	694.0	0.21683910335674494
639	352.423938	1697975.03813637	706.0	0.2106332840805413
640	352.604056	3440659.18262625	479.0	0.42681271912799085
641	352.616556	5230716.0304349	373.0	0.6488687235311108
642	352.623782	4100864.40030359	428.0	0.5087109744280893
643	352.638112	7749549.42960126	280.0	0.9613292362018238
644	352.646707	3109230.17672464	512.0	0.38569905232802076
645	352.667458	6980447.84336002	303.0	0.8659224196921128
646	352.779254	5315207.32783443	371.0	0.6593498431281467
647	352.98196	6144763.03326338	341.0	0.7622559746305442
648	353.038663	1720523.90574154	703.0	0.21343046420940068
649	353.143721	248183.841065969	1468.0	0.030787129566300326
650	353.30064	6749181.813473	311.0	0.8372339394275052
651	353.319818	10928206.7734992	208.0	1.3556407073803427
652	353.45247	321479.527068131	1391.0	0.039879436994162305
653	353.655599	18616508.2492843	128.0	2.30937215364665
654	353.749169	566505.216298689	1172.0	0.07027479879133941
655	353.77287	1394016.35982736	761.0	0.1729273030154265
656	353.789469	2457739.93135312	574.0	0.3048818866766021
657	354.012088	2309483.34066867	596.0	0.28649070195298876
658	354.108318	26140905.7180276	99.0	3.242771357976664
659	354.207525	23199909.8391725	108.0	2.8779417188375076
660	354.36751	1253129.24906608	818.0	0.1554503000220032
661	354.462956	280867.130374837	1423.0	0.03484148160744525
662	354.563971	5085144.17087257	379.0	0.6308105788819536
663	354.71937	1128765.365282	863.0	0.14002299828074655
664	355.21055	533206.975011473	1193.0	0.06614416214539051
665	355.282821	2352198.26966892	590.0	0.29178947582923187
666	355.28547	378802.86004049	1330.0	0.04699037891452323
667	355.37382	13209503.2174747	171.0	1.6386348334207448
668	355.411785	604748.881601034	1137.0	0.07501891377358982
669	355.450138	1327187.76397921	789.0	0.16463723614292602
670	355.492419	51443179.8304482	57.0	6.3815107218101055
671	355.668045	603844.822474775	1138.0	0.07490676551552361
672	355.687773	12528694.6673873	180.0	1.5541807410376127
673	355.851482	22159915.5431815	114.0	2.7489307445477773
674	355.95033	1473921.95404835	745.0	0.1828395675359032
675	356.069691	1243171.4637024	820.0	0.1542150397936649
676	356.537873	71638953.803772	42.0	8.88679030543604
677	356.63084	490797.08310366	1222.0	0.06088322802715526
678	356.703117	1594111.96946818	724.0	0.1977491021833357
679	356.843393	436224.531983184	1273.0	0.05411351975407292
680	356.882273	1135326.38011719	861.0	0.1408368901640772
681	356.89741	1371253.65557211	769.0	0.17010359651553605
682	357.000977	777301.030788057	1017.0	0.09642395509758317
683	357.009748	144585821.634207	14.0	17.93582694579665
684	357.199499	9092911.92741282	250.0	1.1279729431288996
685	357.259037	836645.583961025	994.0	0.10378562876555063
686	357.339362	1317340.20782339	792.0	0.16341564981410428
687	357.38288	1377202.18800451	767.0	0.17084151014415525
688	357.388852	7187918.23659562	294.0	0.8916590585090528
689	357.511307	1309502.51407177	794.0	0.16244338630171887
690	357.524502	1916984.97634974	665.0	0.23780139992209684
691	357.53696	3646629.63806075	459.0	0.4523632911195263
692	357.675803	1471727.77510981	746.0	0.18256738030976336
693	357.83822	639434.658231364	1110.0	0.07932167375441336
694	357.867211	450008.734344657	1261.0	0.05582344584050967
695	358.11928	274664925.53154	5.0	34.07209999385113
696	358.164658	956978.069291354	931.0	0.11871283676179982
697	358.180699	984292.813724103	918.0	0.12210122245326752
698	358.21995	4970362.09640426	385.0	0.6165718976553007
699	358.46592	12012708.9624877	190.0	1.4901728721817178
700	358.478629	2178005.61266264	616.0	0.27018093001208104
701	358.49574	11335805.4423739	198.0	1.4062031975722862
702	358.51898	737728.948598714	1036.0	0.09151505040685533
703	358.531869	15406640.3376083	148.0	1.9111890210823859
704	358.570513	6633283.85375486	317.0	0.8228568329769536
705	358.61135	14887545.7667211	152.0	1.8467954983517127
706	358.673845	1393138.56603604	763.0	0.17281841296412503
707	358.698438	15139803.6145281	149.0	1.8780880072080237
708	358.723885	1945879.75931651	655.0	0.24138578891038565
709	358.852642	1311519.11873835	793.0	0.16269354549374096
710	358.860886	3787159.08951603	448.0	0.4697959265854461
711	358.891728	1787971.64885146	685.0	0.22179733611033037
712	358.910463	827017.345802742	1001.0	0.10259124876723534
713	358.945168	2363222.85059591	588.0	0.29315707172087246
714	358.960351	160609.923988416	1579.0	0.019923611941160463
715	359.00834	261765.385328791	1450.0	0.032471915977591304
716	359.134673	244091.870110599	1473.0	0.0302795218209958
717	359.14831	346107.733377999	1367.0	0.042934558453282354
718	359.267365	414604.0742168	1294.0	0.05143150858172
719	359.463208	8057697.75910164	272.0	0.9995549422156391
720	359.530148	1142892.92736486	858.0	0.1417755180355897
721	359.702073	1018899.39957254	906.0	0.1263941588418212
722	359.871779	415791.577233309	1292.0	0.05157881796766797
723	359.96249	2914427.07623769	526.0	0.36153378730170266
724	360.208167	444625.275298494	1264.0	0.055155629392600644
725	360.2462	2017874.59093357	647.0	0.2503167257496992
726	360.252548	2995853.02265781	523.0	0.3716346510474149
727	360.320302	9577060.17678392	240.0	1.1880313853653688
728	360.38175	1174148.18276567	847.0	0.1456527229072669
729	360.54525	13632310.627697	167.0	1.6910839633245962
730	360.550035	6992214.20827005	302.0	0.8673820336599422
731	360.653353	417645.953925169	1291.0	0.051808852829050615
732	360.6679	36312711.7372257	80.0	4.504580783164362
733	360.814151	1968790.92905319	652.0	0.2442279125078328
734	360.885895	73699128.0484897	40.0	9.142354290298453
735	361.015895	23069985.3783013	110.0	2.8618246292095404
736	361.0695	886197.50526119	972.0	0.10993252944520361
737	361.206836	4241823.10491248	419.0	0.5261968586164084
738	361.314514	477645.871648276	1234.0	0.05925182426899077
739	361.34416	948273.752144885	936.0	0.11763306888237822
740	361.477184	466446.227601113	1250.0	0.05786251185084344
741	361.519093	343558.262819291	1373.0	0.04261829741034222
742	361.778596	12175150.5616238	187.0	1.5103237028646501
743	361.829873	1299137.80570252	799.0	0.1611576473990149
744	361.838582	2620462.18426047	553.0	0.32506753237400765
745	361.87675	94194701.3243629	24.0	11.68482388569885
746	362.02422	263991.83194795	1447.0	0.03274810599964145
747	362.14605	16083082.86741	141.0	1.9951015099846159
748	362.17188	1358457.86587343	773.0	0.1685162827175693
749	362.200323	11464572.9302736	194.0	1.4221767650570496
750	362.31859	3947468.12936247	435.0	0.48968221394083306
751	362.344616	492500.956902882	1220.0	0.06109459305074408
752	362.514143	2175161.77498084	617.0	0.2698281528175665
753	362.70565	308336.861752236	1404.0	0.03824909338198721
754	363.034738	2126222.66726858	630.0	0.26375727147603717
755	363.109689	7041174.55623508	300.0	0.8734555498483305
756	363.146292	90298589.2958876	29.0	11.201512380363551
757	363.20384	7906801.16113862	276.0	0.9808362653966815
758	363.255538	1358613.06864178	772.0	0.16853553557350756
759	363.29766	767629.335517815	1024.0	0.09522418425782261
760	363.306866	1042726.99258267	898.0	0.12934996446601152
761	363.38264	442698.560550511	1265.0	0.05491662101748373
762	363.432842	1969813.12192617	651.0	0.24435471522104335
763	363.616139	385780.098979101	1323.0	0.047855903270562807
764	363.62236	2252831.47819386	602.0	0.27946305574245006
765	363.664896	516468.326748352	1205.0	0.06406773794860142
766	363.699388	673227.844369474	1078.0	0.08351370815771506
767	363.724821	360370.881711398	1347.0	0.044703897641029854
768	363.786514	1426427.60706501	758.0	0.1769479083208528
769	363.82962	6841595.4094178	308.0	0.8486978177356985
770	364.03881	13065975.3725054	174.0	1.620830248156601
771	364.3715	686234.237619025	1072.0	0.08512714726174497
772	364.47946	828731.522786061	999.0	0.1028038918976597
773	364.507488	772405.764821177	1019.0	0.0958166988518239
774	364.582	3324839.3071913	489.0	0.41244529900888344
775	364.74237	2403392.07073241	585.0	0.2981400511912842
776	364.784225	65591968.785944	43.0	8.136663663710554
777	364.930251	161249.687729135	1576.0	0.020002974437496806
778	364.933514	223012.199521423	1496.0	0.027664595132552018
779	364.950594	12293832.699716	182.0	1.5250461857908408
780	365.002947	4041734.44696758	430.0	0.5013759218042516
781	365.02787	3042485.8099774	520.0	0.377419434049723
782	365.109607	251442.445567524	1463.0	0.031191358457930852
783	365.146668	17048301.7213769	136.0	2.114836613564611
784	365.37543	358628.639203665	1350.0	0.044487772990887006
785	365.546479	1786692.40704195	687.0	0.22163864655517293
786	365.713263	277926.237415501	1429.0	0.03447666473544095
787	365.789779	557625.091649701	1177.0	0.06917322204500877
788	365.951641	2516819.24173737	563.0	0.3122106570577652
789	366.32615	259431.656287505	1452.0	0.03218241760389335
790	366.345189	395736.377679774	1310.0	0.04909097659781598
791	366.453682	1086338.8433912	884.0	0.13476000121820877
792	366.469158	158891.750201096	1583.0	0.019710473008422366
793	366.623984	1582848.68534434	727.0	0.1963518952331437
794	366.725284	1899839.72615037	666.0	0.23567453687949314
795	366.820959	583988.680909858	1159.0	0.07244361722826903
796	366.91523	1465319.77343573	748.0	0.18177246966226263
797	366.952079	5554851.71718309	365.0	0.6890776563210812
798	367.002435	1296999.89207933	801.0	0.160892439868033
799	367.00884	2545113.37075729	561.0	0.3157205351076837
800	367.476335	727682.906203259	1042.0	0.09026884192072264
801	367.631068	2052873.50047921	640.0	0.2546583297728815
802	367.687277	324979.307192149	1388.0	0.04031358364798521
803	367.73056	2398280.68438696	587.0	0.29750598527867333
804	367.76277	10046849.7797377	226.0	1.2463086419059923
805	367.886005	1060481.06229608	892.0	0.1315523513830977
806	367.991309	6485630.25940502	331.0	0.8045404497641956
807	368.164385	391957.262738242	1313.0	0.04862217854532729
808	368.216716	1356529.1959576	775.0	0.16827703180447903
809	368.22445	11305997.2891434	200.0	1.402505505282176
810	368.305437	658456.864910099	1092.0	0.08168137267413268
811	368.410722	7117019.43757939	296.0	0.8828640841786025
812	368.41374	1254129.3804744	815.0	0.15557436601727118
813	368.599687	10183752.9415873	223.0	1.2632914372555875
814	368.62578	603569.909939564	1139.0	0.07487266269962475
815	368.709642	512071.971545415	1206.0	0.06352237143049551
816	368.745628	16003279.3333871	143.0	1.9852019060004924
817	368.765787	2278930.12899713	599.0	0.28270058539117654
818	368.846062	1335603.68604522	783.0	0.165681228700835
819	368.936992	461608.548404271	1253.0	0.05726239922629195
820	368.945775	9250714.0121746	246.0	1.147548243472897
821	369.04547	857381.714744441	985.0	0.10635793944617661
822	369.07268	4853743.33821712	390.0	0.6021053763751575
823	369.30265	472950.567323466	1239.0	0.05866937320376323
824	369.400589	14755187.6119991	155.0	1.830376509746006
825	369.505245	7169342.50386354	295.0	0.8893547445458424
826	369.742522	3577358.17547363	463.0	0.4437701873753147
827	369.860275	651699.677604951	1099.0	0.08084314565591172
828	369.913924	887338.186225061	971.0	0.11007403056984442
829	370.108586	15089994.4570912	150.0	1.871909196464296
830	370.20292	1139154.21631688	859.0	0.14131173207373682
831	370.35476	903190.503449775	961.0	0.1120405056724424
832	370.369071	1945753.06727432	656.0	0.24137007280130626
833	370.382121	930990.634566423	946.0	0.11548910343357094
834	370.401402	208961.801245569	1509.0	0.025921647524364023
835	370.446079	4590599.8269548	404.0	0.5694625042970723
836	370.556548	11327835.8545634	199.0	1.4052145726422423
837	370.745562	361380.406317792	1346.0	0.04482912885964557
838	370.782181	925074.981053699	951.0	0.11475526842488011
839	370.791945	10015983.7076394	227.0	1.2424797151039426
840	370.924612	23279107.2554823	106.0	2.8877661341047287
841	370.966593	352415.023541546	1361.0	0.04371697586870852
842	371.12224	1304496.1103516	797.0	0.16182234345166036
843	371.140799	1580727.91763958	728.0	0.19608881464809824
844	371.591113	711429.034401154	1057.0	0.0882525540956324
845	371.644188	6903719.59948454	306.0	0.8564043045100643
846	371.840634	1227461.17369438	826.0	0.15226618312385254
847	371.993444	95450488.3933616	22.0	11.840603887470484
848	372.127166	477520.907378586	1235.0	0.05923632248956154
849	372.13932	901173.968074037	962.0	0.11179035507592806
850	372.150232	2491597.42172037	570.0	0.3090818979998583
851	372.202343	206820.205607386	1513.0	0.02565598324054855
852	372.256272	12218111.090262	184.0	1.5156529433008537
853	372.437686	4005199.06985613	433.0	0.4968437194495267
854	372.54908	390691.108401155	1314.0	0.048465112487120585
855	372.69261	5889316.01884679	351.0	0.7305678506318602
856	372.709201	3405256.90391781	482.0	0.4224210772835513
857	372.761872	23123462.13641	109.0	2.868458404694709
858	372.767349	623006.692323231	1123.0	0.0772837896087247
859	372.780888	2564353.21255051	558.0	0.3181072315967816
860	372.866759	487520.76313862	1225.0	0.06047680153769847
861	373.038621	2741406.6254882	540.0	0.3400706533121359
862	373.04611	747985.558848916	1030.0	0.09278737977095795
863	373.0946	973118.47153366	923.0	0.12071504872270664
864	373.137327	669445.16143191	1083.0	0.08304446749641002
865	373.23961	8062141.98061562	271.0	1.0001062465349877
866	373.331716	9405291.81195666	241.0	1.1667235722514493
867	373.486354	226973711.882614	6.0	28.156019529155135
868	373.532365	6948429.71344455	305.0	0.8619505804702507
869	373.713125	65251664.4350723	44.0	8.094449013081958
870	373.83049	9235381.15249009	247.0	1.1456462069192623
871	374.023905	2457238.20115705	575.0	0.3048196471992558
872	374.261655	1744968.96240508	696.0	0.2164628660109181
873	374.336183	15750521.3506605	144.0	1.953847355560393
874	374.34677	10151899.910439	224.0	1.2593400784852902
875	374.410236	2477354.8181887	572.0	0.3073151073884807
876	374.556086	40149256.4081816	75.0	4.9805029760206745
877	374.58991	10588811.0144889	214.0	1.313538767294221
878	374.692683	4431742.950761	410.0	0.5497563573985873
879	374.826189	22339885.6828121	112.0	2.7712559853171777
880	374.896457	4694563.59425294	396.0	0.5823591778285202
881	374.948483	150106327.696675	12.0	18.620644034156452
882	375.361052	3786760.6520529	449.0	0.46974650054002437
883	375.450034	594565.194465752	1150.0	0.07375563049958629
884	375.69371	3722289.77407538	455.0	0.46174890784816397
885	375.74538	500599.326818086	1214.0	0.06209919336148285
886	375.823267	93375536.6602659	26.0	11.583206759695122
887	375.91544	725168.544010136	1047.0	0.08995693605979388
888	376.00494	3326388.09925491	488.0	0.41263742619060806
889	376.053169	1636060.6814712	718.0	0.2029528270754535
890	376.140823	386621.851053615	1321.0	0.047960322357919416
891	376.220335	500046.143567753	1215.0	0.06203057114849444
892	376.378864	55617325.6448666	52.0	6.899312233242797
893	376.55384	30880607.2540815	89.0	3.83072988367817
894	376.56981	545207.299752056	1183.0	0.0676327987586332
895	376.665837	600619.099057059	1143.0	0.0745066155122852
896	376.71915	38465078.513425	77.0	4.771581223355931
897	376.80267	645465.481932616	1104.0	0.08006979558976125
898	377.030102	539171.297454496	1188.0	0.06688403451999742
899	377.1491	152952.638823433	1590.0	0.018973728058761456
900	377.369117	584884.997501601	1155.0	0.07255480502729694
901	377.4824	1002802.53264825	912.0	0.1243973474237971
902	377.645447	946099.291420883	939.0	0.11736332769472013
903	377.70659	184100.636689721	1543.0	0.022837627666090675
904	377.744907	331539.581567719	1379.0	0.04112738367752648
905	377.83145	216888.07338853	1502.0	0.02690489915909972
906	377.850889	1257687.62258485	813.0	0.15601576486262778
907	377.94534	662524.86916949	1090.0	0.08218600735813228
908	378.19394	388654.962992229	1319.0	0.04821252927198785
909	378.244784	229347.659134138	1489.0	0.028450506959530608
910	378.5706	430160.076432272	1280.0	0.05336122589806249
911	378.59479	2635726.67221162	551.0	0.32696108743503344
912	378.614893	736238.617298422	1037.0	0.09133017526493742
913	378.618693	2136455.45452331	626.0	0.2650266456048388
914	378.667669	562388.566282801	1174.0	0.0697641296161268
915	378.71636	725523.818708946	1046.0	0.09000100777750487
916	378.787991	13104788.1993651	173.0	1.6256449674559383
917	378.917552	868145.444620109	980.0	0.1076931768446935
918	378.981618	552760.546403196	1178.0	0.06856977669521473
919	379.009277	1670315.48659008	711.0	0.20720212517211326
920	379.065368	354533.31480901	1358.0	0.04397974925246497
921	379.075401	428882.814848302	1281.0	0.053202781989277595
922	379.174178	369150.389780989	1339.0	0.0457929929314643
923	379.215386	635799.803415895	1112.0	0.0788707711264345
924	379.348018	1549570.8488221	732.0	0.1922237897920484
925	379.38712	599127.759479185	1144.0	0.07432161529384165
926	379.43392	2200771.33932233	610.0	0.2730050114403178
927	379.500205	16773104.2590968	138.0	2.0806984525500005
928	379.75145	13111073.8970782	172.0	1.6264247063344912
929	379.851096	8000457.59378122	274.0	0.9924543172170607
930	379.954711	14191612.6014564	160.0	1.7604652020823648
931	380.167922	1453694.5745692	753.0	0.18033036729894747
932	380.198342	967589.474218676	926.0	0.12002917829706965
933	380.22778	584259.464749634	1158.0	0.07247720788076212
934	380.400898	833813.618434561	995.0	0.10343432430827385
935	380.5342	19660747.3976128	123.0	2.4389097005703717
936	380.62165	1392212.02882585	764.0	0.17270347630662308
937	380.66953	10299859.9826385	222.0	1.2776944801815489
938	380.753675	2867166.21533627	529.0	0.3556710919636925
939	380.87283	1393711.84900275	762.0	0.17288952854078163
940	380.956388	363178.586429106	1343.0	0.04505219255240167
941	381.07555	1214038.92332602	831.0	0.15060115707144253
942	381.18907	633339.929604401	1116.0	0.07856562453257916
943	381.296424	8599489.67727993	260.0	1.066764063934791
944	381.305775	1646302.36144109	716.0	0.20422330434285055
945	381.36345	715377.862874098	1052.0	0.08874240505977839
946	381.38834	1090327.10950688	881.0	0.13525474440987242
947	381.452303	386418.553125811	1322.0	0.047935103312162934
948	381.58397	100839974.582424	19.0	12.509168000612506
949	381.634022	1836467.5189344	678.0	0.22781323395952627
950	381.763905	1719693.05136687	704.0	0.21332739697837622
951	381.949263	466874.057181323	1247.0	0.05791558397939803
952	382.042491	144766421.553162	13.0	17.958230310498596
953	382.11774	15635533.4566139	145.0	1.9395831424780126
954	382.183434	1531619.55369636	734.0	0.18999693712289273
955	382.444329	11304854.3973939	201.0	1.4023637299102545
956	382.588058	95633880.009585	21.0	11.863353561364612
957	382.684148	598916.530706929	1145.0	0.0742954124292569
958	382.757115	664347.286331787	1087.0	0.08241207764964886
959	382.78222	63248032.0704899	46.0	7.84589903115451
960	382.94517	857975.311511737	984.0	0.10643157494358203
961	383.086134	373541.52118505	1334.0	0.04633771143891758
962	383.330771	1869322.28820115	671.0	0.23188885803699175
963	383.422219	49756199.6500576	60.0	6.172241346469668
964	383.633025	3483272.44560187	476.0	0.43209888136497754
965	383.713423	320081.618721128	1394.0	0.039706026891328274
966	383.92558	5783678.19973118	353.0	0.7174635114845376
967	384.04372	30175126.0194345	91.0	3.743215152322645
968	384.10475	47091593.6971572	64.0	5.841697793099186
969	384.32565	7099057.53947066	297.0	0.8806359162126504
970	384.516842	931351.721857559	945.0	0.11553389620158196
971	384.569383	686642.864776212	1071.0	0.08517783733559743
972	384.59844	627075.703488582	1121.0	0.07778854919910064
973	384.64092	2452752.64049118	578.0	0.30426321477076046
974	384.68001	9714454.69220785	235.0	1.2050751329755576
975	384.996631	12749179.8494997	177.0	1.5815318604335749
976	385.081771	1786957.22659671	686.0	0.22167149733993424
977	385.25724	1931674.0724018	659.0	0.23962357779404939
978	385.4366	830666.934610538	997.0	0.1030439791424553
979	385.637115	12808988.7595174	176.0	1.5889511374260874
980	385.921236	4195514.95604969	424.0	0.5204523469153615
981	385.991106	50800851.760814	58.0	6.3018301212562475
982	386.36913	292124.91481173	1417.0	0.03623800632315378
983	386.374103	654664.728344126	1098.0	0.08121095929311534
984	386.552292	9886792.39580934	230.0	1.2264535723902632
985	386.721579	4522719.68342073	407.0	0.5610419932557955
986	386.792023	279472.639728468	1427.0	0.034668495469329416
987	386.955814	669776.180233218	1082.0	0.08308553027745563
988	386.96074	263513.962363963	1448.0	0.032688826423925274
989	387.1748	1970857.60612075	650.0	0.2444842831658796
990	387.250102	11444159.5072958	195.0	1.4196444861809958
991	387.292094	305947.380549791	1407.0	0.03795267896975173
992	387.376015	3048154.93743299	517.0	0.3781226875764372
993	387.801779	12200468.1838595	186.0	1.5134643461584814
994	387.857282	9986625.90160682	228.0	1.2388378882459763
995	387.867079	2488101.05301749	571.0	0.30864817453178406
996	387.87262	3570647.13059179	464.0	0.44293768431059044
997	388.327981	2047778.72436413	641.0	0.254026324354267
998	388.435819	1436340.75882101	754.0	0.1781776317638116
999	388.514529	173837.459773373	1558.0	0.021564483709061336
1000	388.551012	1899820.63843768	667.0	0.23567216905457275
1001	388.628183	20795449.2297752	118.0	2.5796691157517033
1002	388.704779	7508905.3850374	288.0	0.9314774160852319
1003	388.851317	14824022.6161924	153.0	1.8389154709599742
1004	388.882145	1695166.16694565	707.0	0.21028484446854917
1005	389.039353	271078.419901315	1434.0	0.033627195067512064
1006	389.084021	830206.968619771	998.0	0.10298692050200148
1007	389.19264	1585655.69969586	726.0	0.1967001045048011
1008	389.330922	474287.377568548	1238.0	0.0588352041057435
1009	389.338988	3422111.29504301	480.0	0.4245118593469763
1010	389.391202	312576.555696465	1398.0	0.03877502611887214
1011	389.40114	1127021.27527585	864.0	0.1398066444489902
1012	389.542538	224104.962726222	1494.0	0.027800152073837694
1013	389.565597	4999666.48123836	381.0	0.6202070976299371
1014	389.74486	721526.17467682	1051.0	0.08950510125817474
1015	389.78893	3248460.22242279	500.0	0.4029704969072489
1016	389.800874	866230.334729721	982.0	0.10745560804861136
1017	389.902841	350317.355469462	1363.0	0.043456760786030446
1018	389.970707	7043094.60227959	299.0	0.8736937309728215
1019	390.051516	1289637.45314656	804.0	0.15997913157054833
1020	390.294512	18837635.263045	125.0	2.336802892062251
1021	390.38977	2056034.6150375	639.0	0.25505046506687157
1022	390.647918	1337037.07679787	782.0	0.16585904038523566
1023	390.6747	1087678.01460533	883.0	0.13492612499767725
1024	390.74651	216361.3174505	1504.0	0.026839555246118547
1025	390.793374	1265123.50212566	809.0	0.15693818344507476
1026	390.965801	640520.93601944	1109.0	0.0794564261817384
1027	390.982927	730367.524846937	1041.0	0.0906018680422623
1028	391.084381	468491.635486871	1245.0	0.05811624407339385
1029	391.099803	582889.767119769	1162.0	0.07230729730875957
1030	391.363135	581153.841853334	1163.0	0.07209195631046733
1031	391.427403	392056.74940236	1312.0	0.04863451983557877
1032	391.67305	2555323.13336255	560.0	0.31698705303576163
1033	391.718051	679024.176196559	1075.0	0.08423274134780215
1034	391.83147	907943.007923513	959.0	0.11263005239864728
1035	391.84151	1476792.74446032	744.0	0.18319568820835072
1036	391.864151	2412096.99074444	583.0	0.2992198938559943
1037	391.906519	1013540.5103774	908.0	0.12572939027641583
1038	392.025748	4163556.18352746	425.0	0.5164878709599737
1039	392.083636	470301.344145642	1243.0	0.05834073787893548
1040	392.291129	5571087.03807242	362.0	0.6910916429111165
1041	392.520109	417928.486136592	1290.0	0.051843900863452745
1042	392.564346	1431542.16073967	756.0	0.17758236713968345
1043	392.594131	1737779.943251	699.0	0.2155710703839319
1044	392.601285	1202016.1677037	835.0	0.14910973791418183
1045	392.791947	7046713.98407608	298.0	0.8741427141775292
1046	392.808323	1238295.09464587	823.0	0.15361012770385407
1047	392.911653	217888.537515177	1500.0	0.027029006427974366
1048	392.92081	441022.295657863	1269.0	0.054708680870310014
1049	393.02964	7735258.11160297	281.0	0.9595564025757635
1050	393.111722	777477.511970255	1016.0	0.0964458475342503
1051	393.262701	1178106.50943471	845.0	0.1461437521197332
1052	393.359909	832995.729684545	996.0	0.10333286545902158
1053	393.530643	233119.949212208	1483.0	0.028918458389794517
1054	393.581244	2041137.48404701	645.0	0.2532024805244434
1055	393.732723	615394.645451998	1127.0	0.07633951752282725
1056	394.12753	1058689.01866115	895.0	0.13133004891835992
1057	394.243963	1705567.8816238	705.0	0.21157517399255216
1058	394.488896	472841.30436972	1241.0	0.05865581916777391
1059	394.511687	574954.404814793	1167.0	0.07132291804220654
1060	394.699457	1060112.76727088	893.0	0.13150666449788084
1061	394.753087	922584.749534974	952.0	0.11444635596672899
1062	394.80971	2822427.5108463	534.0	0.3501212693570103
1063	394.87747	4367373.33893015	412.0	0.5417713267412445
1064	394.91405	253623.232012212	1460.0	0.031461884349305046
1065	394.99525	1664887.75229514	713.0	0.206528816393137
1066	395.11632	4976440.57640347	383.0	0.6173259312398326
1067	395.26009	1356918.58407998	774.0	0.16832533528194882
1068	395.269592	620422.701404688	1124.0	0.07696324632570659
1069	395.315139	802220.482798957	1009.0	0.09951520549682595
1070	395.534127	1036950.26545384	899.0	0.128633363232746
1071	395.595498	358062.234280225	1353.0	0.04441751063339411
1072	395.645488	4675429.00847891	398.0	0.5799855383164055
1073	395.66763	6601810.06520845	321.0	0.8189525191354124
1074	395.701788	2743304.01589789	539.0	0.34030602401205773
1075	396.027858	464139.715784338	1251.0	0.05757638976552051
1076	396.113928	275777.561346776	1431.0	0.03421012212638261
1077	396.235134	197690.060099538	1530.0	0.024523391483156198
1078	396.31003	1735481.69278522	700.0	0.21528597311667275
1079	396.451526	389342.243487122	1316.0	0.048297786207144394
1080	396.550868	170724.784388236	1564.0	0.02117835727968363
1081	396.606119	1143456.71980415	856.0	0.14184545631522294
1082	396.742064	2422840.80433216	581.0	0.30055266064508346
1083	396.796109	1326217.28305077	790.0	0.16451684828061724
1084	396.925691	22178340.186003	113.0	2.7512163158537972
1085	397.03889	1119574.28498735	869.0	0.13888284758169098
1086	397.132205	1876598.74445115	670.0	0.23279150020898037
1087	397.36493	727193.222057641	1043.0	0.09020809675225012
1088	397.661301	1225676.34045629	828.0	0.15204477510663714
1089	397.77407	2212396.41966986	608.0	0.27444709910138726
1090	398.17706	1308697.35161775	795.0	0.162343506145592
1091	398.395594	1632773.12196127	719.0	0.20254500632389122
1092	398.538695	980991.213390992	920.0	0.12169165994188463
1093	398.985748	669090.447765844	1084.0	0.08300046537463929
1094	399.0373	382651.46204208	1327.0	0.04746779681555644
1095	399.41127	302137.533335522	1408.0	0.037480068588230844
1096	399.598289	459628.945791018	1255.0	0.05701683012766636
1097	399.69635	1116959.11888534	870.0	0.1385584370267001
1098	399.73917	5692122.69101466	356.0	0.7061060786345285
1099	399.805211	2182925.08693593	615.0	0.27079118929084534
1100	400.025248	264140.767074297	1445.0	0.03276658135650644
1101	400.045722	287499.998924231	1418.0	0.03566428692204327
1102	400.37614	420258.398391639	1287.0	0.05213292576598528
1103	400.524148	13555147.0349405	169.0	1.6815118432470277
1104	400.631097	1104135.32974152	875.0	0.13696764990612864
1105	400.66241	496972.8385109	1217.0	0.06164932859629722
1106	400.727179	880449.077269662	977.0	0.10921943871126387
1107	400.97125	1588715.7891274	725.0	0.1970797076627208
1108	401.017377	117841.832542545	1635.0	0.014618243279800188
1109	401.453083	3224858.4924706	504.0	0.40004270952630594
1110	401.714822	1077923.22726385	888.0	0.13371604661189698
1111	401.826688	583687.785483004	1161.0	0.07240629124260987
1112	402.048342	122973.992055032	1628.0	0.015254886097427704
1113	402.186604	3103029.10780117	514.0	0.3849298116249337
1114	402.472471	1815140.94720267	682.0	0.22516767925987421
1115	403.048821	2946928.61978171	525.0	0.36556559383631304
1116	403.088913	558333.442013663	1176.0	0.06926109269097817
1117	403.19605	919993.435559643	954.0	0.11412490426075642
1118	404.063812	795380.368784769	1011.0	0.09866669144571535
1119	404.389713	1531490.43620081	735.0	0.189980920137066
1120	404.460883	929583.017011213	947.0	0.11531448890642883
1121	404.559336	1342913.76236646	780.0	0.16658804143237677
1122	404.581193	113197609.747074	17.0	14.042128862661622
1123	404.606181	505294.917431118	1209.0	0.06268167994067676
1124	405.190535	357027.829253757	1356.0	0.044289193006278975
1125	405.486626	612120.461253427	1131.0	0.07593335597454763
1126	405.821663	817517.448208893	1004.0	0.10141278937667947
1127	405.9713	320291.487719986	1393.0	0.03973206107643896
1128	406.244071	2095691.65061808	635.0	0.2599699081997956
1129	406.359365	63744306.5379504	45.0	7.907461727035632
1130	406.538067	358097.343171008	1352.0	0.04442186588055614
1131	406.658491	344558.560783987	1371.0	0.04274238406687767
1132	406.72707	772300.471429548	1020.0	0.09580363723880092
1133	406.797774	3568209.68188849	465.0	0.4426353195445468
1134	407.077024	1403686.50927153	760.0	0.17412688209593566
1135	407.173752	49936316.695496	59.0	6.194584810859587
1136	407.250219	309491.394756014	1401.0	0.03839231284794122
1137	407.376195	1256744.24677423	814.0	0.1558987393818933
1138	407.478563	958551.886854391	929.0	0.1189080683490733
1139	407.662889	3132801.40258656	510.0	0.3886230556858968
1140	407.679979	666039.945300981	1085.0	0.08262205147700326
1141	407.835319	658214.618351597	1093.0	0.08165132206265226
1142	407.916762	580322.874970706	1165.0	0.07198887512286506
1143	407.983784	657609.958328478	1095.0	0.0815763141717462
1144	408.0209	565488.649247542	1173.0	0.07014869395960632
1145	408.087574	168213.719187837	1566.0	0.020866860409693763
1146	408.210685	269062.571572423	1437.0	0.03337712969894879
1147	408.24252	207683.164003054	1512.0	0.025763032965557427
1148	408.449152	1828546.40281892	679.0	0.22683062192842238
1149	408.500408	897461.26902784	966.0	0.11132979589493948
1150	408.530273	1605190.61457244	723.0	0.19912340471962875
1151	408.5982	263070.910663458	1449.0	0.03263386599600446
1152	408.709336	401702.10806273	1306.0	0.04983102362694089
1153	408.85558	217740.350297133	1501.0	0.027010623848905575
1154	409.007214	154397.943567919	1588.0	0.01915301767020498
1155	409.095319	174780.896445895	1556.0	0.021681516739696125
1156	409.597024	657829.88896354	1094.0	0.08160359649975019
1157	409.708319	215703.174991448	1506.0	0.026757912875394935
1158	409.817542	1356488.43571209	776.0	0.16827197550849185
1159	410.12609	403662.993438373	1304.0	0.05007427085796646
1160	410.642219	280169.963224937	1426.0	0.03475499823575936
1161	410.748817	2043099.97135567	643.0	0.25344592647476966
1162	410.905627	268472.514530386	1439.0	0.03330393330337899
1163	410.980156	1751332.46812751	693.0	0.2172522569492277
1164	411.231852	167250.98835853	1568.0	0.020747433944811756
1165	411.29584	1460541.53391064	750.0	0.18117973051080977
1166	411.444464	769761.255618138	1023.0	0.09548864829412625
1167	411.493764	324545.880413358	1390.0	0.04025981718865881
1168	411.85443	12086762.1434124	189.0	1.4993591466230074
1169	411.88854	339125.124377983	1375.0	0.04206836794276815
1170	412.020628	713382.770687848	1055.0	0.0884949144843607
1171	412.180229	549048.323100088	1180.0	0.06810927653001081
1172	412.251533	628262.104002281	1119.0	0.07793572181991226
1173	412.56199	1072403.42093104	890.0	0.13303131632478724
1174	412.618265	1106351.8933522	874.0	0.1372426139440001
1175	412.760758	1651392.00998904	715.0	0.20485467368833105
1176	413.205785	11123610.932395	207.0	1.3798805335184186
1177	413.2899	1505279.60161344	740.0	0.1867294741242383
1178	413.385535	442289.656849414	1266.0	0.0548658966384438
1179	413.441953	258886.459131697	1455.0	0.032114786063487874
1180	413.467722	3470401.45661153	477.0	0.43050223911788343
1181	413.652047	275742.638109331	1432.0	0.03420578990946036
1182	413.699755	3046732.65732998	518.0	0.3779462541647256
1183	414.25874	343385.440469517	1374.0	0.042596858850718074
1184	414.341445	7803915.91256405	278.0	0.9680733817829801
1185	414.386752	17052249.2463585	135.0	2.1153263028310545
1186	414.766863	468325.30790514	1246.0	0.05809561118775872
1187	414.936469	1331651.14251972	786.0	0.16519091688555582
1188	415.024873	507303.273435109	1208.0	0.06293081588862791
1189	415.389948	4197953.9139076	423.0	0.5207548988915727
1190	415.449849	3171256.07201614	506.0	0.3933933456655858
1191	415.480514	3605949.81564341	461.0	0.44731697159236644
1192	415.667123	206661.489602542	1514.0	0.02563629456869792
1193	415.679861	2405104.56083611	584.0	0.2983524850648079
1194	415.777954	3408167.76385958	481.0	0.4227821685689135
1195	415.879208	1764075.02160377	691.0	0.21883296681008788
1196	416.107929	200799.799204343	1523.0	0.02490915366785691
1197	416.894277	213300.723699525	1508.0	0.02645988952752718
1198	417.090127	1054096.16812024	897.0	0.1307603072136852
1199	417.16902	239633.574303979	1477.0	0.02972647158995026
1200	417.18993	192660.099843316	1535.0	0.023899426452006222
1201	417.212183	1300112.07299902	798.0	0.16127850495912327
1202	417.264025	603329.610329599	1140.0	0.0748428536065148
1203	417.331471	314499.993751999	1397.0	0.03901362802129308
1204	417.563572	2274542.13283314	600.0	0.28215625580929504
1205	418.175449	6587147.41506863	323.0	0.8171336218707838
1206	418.238239	849198.367453114	991.0	0.10534279771792385
1207	418.275792	205654.411630812	1517.0	0.025511366854363865
1208	418.48913	2091981.32872978	636.0	0.259509643904517
1209	418.703842	6404865.5070114	333.0	0.7945216069352155
1210	418.758722	500701.448098941	1213.0	0.06211186147513463
1211	418.779491	6496432.71480628	330.0	0.8058804910523164
1212	418.955784	324610.340968991	1389.0	0.040267813500866986
1213	419.142997	4796298.3321949	393.0	0.5949793409501805
1214	419.167654	483375.169664772	1230.0	0.05996254193537955
1215	419.532874	3021699.45543191	522.0	0.3748408931267749
1216	419.56175	205140.720432713	1519.0	0.025447643618374705
1217	419.620852	1771049.74012971	690.0	0.21969817850970658
1218	419.824651	3161897.4667728	507.0	0.3922324135478901
1219	419.830363	4552095.16339158	406.0	0.5646860125603982
1220	419.863389	1422976.09367186	759.0	0.1765197491402296
1221	419.909489	17844066.9547614	132.0	2.2135510473461952
1222	420.092401	1308521.71191684	796.0	0.16232171809442122
1223	420.202885	11646946.0281464	192.0	1.4448000920613446
1224	420.3938	709042.667209385	1060.0	0.08795652597546871
1225	420.398445	1490085.48980944	742.0	0.1848446492027388
1226	420.553882	316343.359525731	1396.0	0.03924229698165012
1227	420.712709	591030.643697836	1152.0	0.07331717055802396
1228	421.0343	2588511.07400603	556.0	0.32110400692059543
1229	421.03829	696667.561218258	1066.0	0.08642139786273935
1230	421.36476	852967.175984248	988.0	0.10581031726335535
1231	421.54231	231235.626910941	1486.0	0.028684708784725118
1232	421.618312	115842.166703058	1638.0	0.014370185344097489
1233	421.75454	2787860.06620815	537.0	0.3458331884236196
1234	421.93595	7361172.84209205	293.0	0.9131512393233511
1235	422.00483	115793.658876428	1639.0	0.014364167963042289
1236	422.03412	594595.667158305	1149.0	0.07375941062777606
1237	422.22127	2441738.78673931	580.0	0.3028969495819121
1238	422.41711	2820213.78303792	535.0	0.34984665709954665
1239	422.45128	774232.007318225	1018.0	0.0960432436749462
1240	422.54541	2662391.58750155	547.0	0.3302688620201133
1241	422.59555	484709.552381764	1229.0	0.060128071703242816
1242	422.64241	527047.560669192	1196.0	0.06538008868035808
1243	422.74264	17272957.6586339	134.0	2.142705113860452
1244	422.95093	234193.081380073	1481.0	0.029051580106953544
1245	423.36021	5450549.43555859	368.0	0.676138990190998
1246	423.53857	185526.527904029	1540.0	0.0230145090350541
1247	423.59361	10562778.0560624	216.0	1.310309386764738
1248	423.88096	5134185.92758114	377.0	0.6368941938000755
1249	423.93617	216794.039001936	1503.0	0.026893234222207282
1250	423.9732	407519.199977006	1301.0	0.05055263209949366
1251	423.98477	404009.813956283	1303.0	0.050117293837122885
1252	424.03704	409794.956301297	1298.0	0.05083493897538189
1253	424.27294	172202.890748321	1561.0	0.021361715921508394
1254	424.38152	182224.119212088	1544.0	0.022604846247005626
1255	424.52573	1098229.12260403	877.0	0.13623498671739595
1256	424.5344	230180.71830312	1487.0	0.028553847694615074
1257	424.60841	543637.63255817	1184.0	0.06743808202338333
1258	424.7425	5216394.13560741	374.0	0.6470920968587416
1259	424.82237	628514.989290537	1118.0	0.07796709216256434
1260	425.01188	8717383.63826676	258.0	1.0813887737321592
1261	425.07864	10690457.3913194	213.0	1.3261479692470337
1262	425.99989	520251.602567206	1203.0	0.06453705215664912
1263	426.0135	363916.561596887	1342.0	0.04514373814622277
1264	426.04736	28440992.4068328	94.0	3.5280964081403683
1265	426.42033	279295.206281563	1428.0	0.03464648490451666
1266	426.69641	264091.131962606	1446.0	0.03276042413608425
1267	426.78263	782056.581954317	1015.0	0.09701387976506344
1268	426.87486	261342.394607355	1451.0	0.032419444107987465
1269	427.11531	10141355.8871217	225.0	1.258032095618132
1270	427.17599	40755748.9426325	73.0	5.055738189396917
1271	427.66743	346844.847376328	1366.0	0.04302599721929637
1272	427.823	173484.652225771	1559.0	0.021520718040702994
1273	427.94878	199971.244131368	1524.0	0.024806371664504334
1274	428.24026	4949202.27222868	387.0	0.613947027938982
1275	428.54415	656202.324287368	1096.0	0.08140169759953322
1276	428.58234	123201.960211573	1627.0	0.015283165477512538
1277	429.03789	251570.269472195	1462.0	0.031207214974204738
1278	429.41244	4608436.76131413	403.0	0.5716751705481371
1279	429.80364	466476.649626647	1249.0	0.05786628569380503
1280	429.9234	9112308.82307784	249.0	1.1303791221027526
1281	430.21856	239361.431931323	1478.0	0.029692712411868986
1282	430.54501	592153.616886836	1151.0	0.07345647503860872
1283	430.79017	46714359.0086891	65.0	5.794901945388525
1284	430.90303	490543.758695752	1223.0	0.06085180321184468
1285	430.93741	884382.755700471	975.0	0.10970741031731732
1286	431.03717	172234.030610844	1560.0	0.021365578811928878
1287	431.50844	3149994.61661074	509.0	0.39075586862629624
1288	432.57616	53143806.7224189	53.0	6.59247296754761
1289	432.70954	1186339.08119644	843.0	0.147165000128482
1290	432.79034	174494.028256635	1557.0	0.021645930828569665
1291	433.70454	1110344.90565355	872.0	0.13773794589854432
1292	434.32708	229222.300403084	1490.0	0.02843495624728984
1293	434.65522	184737.261171107	1541.0	0.022916600738267037
1294	434.78332	171780.643222108	1562.0	0.021309336245044632
1295	435.15437	245395.921643829	1471.0	0.030441289014791522
1296	435.27345	1460770.19993512	749.0	0.18120809646119893
1297	435.85007	284200.321837916	1420.0	0.035254962988837124
1298	436.75781	645007.978581342	1106.0	0.08001304243898322
1299	436.97716	1948782.83051985	654.0	0.24174591400512807
1300	437.592935	243488.580396698	1474.0	0.03020468391652905
1301	438.27676	357757.91413546	1355.0	0.04437975981252569
1302	438.35444	93786439.776926	25.0	11.634179165624037
1303	438.78908	362880.488539643	1344.0	0.045015213600400124
1304	438.84066	1482188.44068237	743.0	0.18386502267418522
1305	439.09503	385609.331728175	1324.0	0.047834719645322106
1306	440.12897	925898.936160159	949.0	0.11485747980379359
1307	440.47498	39599098.6929186	76.0	4.91225607973221
1308	440.84132	486426.83147859	1227.0	0.06034109964989882
1309	441.51221	12724949.6723266	178.0	1.578526114367116
1310	442.25677	1163278.26611624	849.0	0.1443043130719468
1311	442.3841	178369.723827769	1551.0	0.022126709678617042
1312	442.73095	223393.791142324	1495.0	0.027711931456398223
1313	443.01887	225296.412896191	1493.0	0.027947951102964958
1314	443.06136	619295.315368773	1125.0	0.0768233944328119
1315	443.25674	199177.332417344	1527.0	0.02470788715923244
1316	443.32183	1253353.02626889	817.0	0.15547805951555968
1317	443.37818	384108.059557561	1325.0	0.0476484872917875
1318	443.83425	164003.164836236	1573.0	0.020344542430360723
1319	444.08243	132252.323646401	1616.0	0.016405860293151615
1320	444.23386	1609713.81528295	722.0	0.1996845063841478
1321	444.31938	1354398.85272231	778.0	0.16801276337780044
1322	444.68319	312480.096900717	1399.0	0.03876306043476576
1323	444.77169	1283164.74067194	807.0	0.15917619356803522
1324	445.43808	771533.095205808	1021.0	0.09570844445298171
1325	445.50269	458614.088413273	1256.0	0.05689093738039581
1326	445.6628	119603.845096042	1634.0	0.014836820398072529
1327	445.9117	1554289.61554674	731.0	0.19280915136079782
1328	446.16524	147057.032903372	1597.0	0.018242379947808016
1329	446.19682	440378.25000415	1270.0	0.05462878720397658
1330	446.6551	3853496.51347698	441.0	0.4780250637355859
1331	446.69374	245095.026233583	1472.0	0.030403963031192582
1332	446.93754	2246588.26520434	603.0	0.27868858708086114
1333	447.60184	2294323.97048106	597.0	0.28461018671837524
1334	448.16089	265010.418910237	1443.0	0.032874461400733565
1335	448.21691	73332.7301715027	1672.0	0.009096902745737106
1336	448.22523	929223.890416517	948.0	0.11526993936221144
1337	448.27389	326699.212826116	1385.0	0.040526937415770105
1338	448.42198	969327.389393345	925.0	0.12024476614286961
1339	448.56756	648840.788916347	1103.0	0.08048850138860712
1340	448.81335	149817.787114579	1592.0	0.01858485066321026
1341	449.0084	380727.613437645	1328.0	0.04722914398466991
1342	449.26783	114186.484497541	1641.0	0.014164798472966261
1343	449.45628	2111115.38684878	633.0	0.2618832179611865
1344	449.59525	142781.260083972	1608.0	0.017711971637494443
1345	452.86136	4432860.15897064	409.0	0.549894946735246
1346	453.11477	410241.930673505	1297.0	0.05089038600952754
1347	454.78468	726393.512369016	1044.0	0.09010889301000254
1348	455.61259	1153435.90983286	851.0	0.14308337178571065
1349	458.71274	132862.899445037	1615.0	0.016481602034200977
1350	459.60598	301053.44473624	1410.0	0.037345587729106046
1351	460.29405	351576.961748635	1362.0	0.04361301455965594
1352	461.32025	229633.567698042	1488.0	0.0284859738294252
1353	461.9288	584767.628773112	1156.0	0.07254024547243026
1354	463.75029	436277.843545967	1272.0	0.054120133037128475
1355	463.80096	534177.072700309	1192.0	0.06626450246694361
1356	464.34634	475331.481766512	1237.0	0.05896472491211578
1357	464.7434	600681.511585906	1142.0	0.07451435776739704
1358	465.4608	586800.547252963	1153.0	0.07279242838799833
1359	466.15348	144849.403668513	1603.0	0.017968524216524163
1360	466.74533	1241910.73915842	822.0	0.15405864729963217
1361	466.91724	409224.809293707	1299.0	0.050764212413494866
1362	467.31636	581044.950987731	1164.0	0.07207844843189833
1363	467.88456	1027729.56943167	904.0	0.12748953871175084
1364	469.01375	145726.29386232	1599.0	0.018077302176830522
1365	469.14115	386922.342101989	1320.0	0.04799759818055182
1366	470.49477	187632.226477698	1538.0	0.023275720298997302
1367	471.02833	306448.618618088	1406.0	0.03801485739879829
1368	471.40672	80477.9536702284	1668.0	0.009983265535073456
1369	472.73989	441573.226943857	1267.0	0.05477702372781103
1370	472.85457	446212.177846974	1262.0	0.055352484168315716
1371	472.90192	105581.236183629	1646.0	0.013097320051918793
1372	473.4098	93802.6558307715	1655.0	0.011636190762143178
1373	473.58428	205553.650131502	1518.0	0.025498867421196787
1374	473.67727	1822977.6966362	681.0	0.22613982562988943
1375	474.57996	355011.472658388	1357.0	0.04403906458741472
1376	474.9948	126734.607222377	1623.0	0.01572138925858746
1377	478.68067	308629.775702758	1403.0	0.03828542926794887
1378	478.96508	807360.935885704	1008.0	0.10015287712980345
1379	479.82647	258813.945332304	1456.0	0.0321057907488547
1380	480.06485	378046.856567742	1331.0	0.046896596914985725
1381	480.28802	203978.427343692	1520.0	0.025303461516220063
1382	483.58672	145351.880284173	1600.0	0.018030856286992233
1383	484.0321	166271.002705783	1570.0	0.020625867024360162
1384	484.27875	121397.300133855	1629.0	0.0150592979469062
1385	485.97414	2454757.92286325	576.0	0.30451196943561204
1386	487.13178	6247740.04924287	339.0	0.7750302419627547
1387	487.21373	3839025.80753039	443.0	0.4762299770894127
1388	487.82107	1826550.39440796	680.0	0.22658301769560965
1389	489.07549	5738339.36820585	354.0	0.7118392433026941
1390	489.1492	11270086.3447756	202.0	1.3980507636182908
1391	490.33097	1673848.68094867	710.0	0.2076404168515136
1392	491.72295	265011.002714467	1442.0	0.03287453382146972
1393	491.80121	167188.355176842	1569.0	0.02073966431778247
1394	491.89936	6513204.0004593	329.0	0.8079609639073388
1395	492.05021	17315871.5561365	133.0	2.1480285697185484
1396	493.03149	301220.599732668	1409.0	0.03736632325528124
1397	493.88138	1185067.33849164	844.0	0.14700724083496997
1398	494.24585	143659.7514379	1606.0	0.01782094822122403
1399	494.56356	124440.894681711	1625.0	0.015436854919550607
1400	495.72979	5665102.74902812	357.0	0.7027542630963347
1401	495.75961	25850687.0687903	101.0	3.2067698233149033
1402	496.25711	252557.109786244	1461.0	0.03132963221329404
1403	496.60882	1204064.79081707	834.0	0.14936386898473397
1404	497.31014	583781.642090817	1160.0	0.07241793412609891
1405	497.86028	617349.386424452	1126.0	0.07658200254251675
1406	498.52527	1355378.40042873	777.0	0.1681342759711441
1407	498.55465	663548.784073033	1088.0	0.08231302368870744
1408	498.62221	157816.10244599	1584.0	0.019577039233435598
1409	498.89494	532559.017441289	1194.0	0.06606378320701549
1410	499.36795	131800.963779894	1617.0	0.01634986923977967
1411	499.4129	83265.7088289771	1663.0	0.010329085709758823
1412	500.18631	4996696.88881842	382.0	0.6198387205986239
1413	500.2792	248257.070457858	1467.0	0.03079621364996373
1414	500.40433	154472.127019421	1587.0	0.019162220104671533
1415	500.61184	3560965.94297383	467.0	0.44173673594799906
1416	501.20677	240517.446089983	1476.0	0.029836115614633032
1417	501.49422	2403388.86947032	586.0	0.29813965407570125
1418	502.15895	742057.338456231	1033.0	0.09205198584465209
1419	502.22353	1261244.57707251	811.0	0.1564570039787712
1420	502.31854	89638.6026173245	1659.0	0.011119641234773723
1421	502.77564	215808.394687277	1505.0	0.026770965346476456
1422	502.81259	526374.312159985	1198.0	0.06529657240873357
1423	503.92512	228713.102902743	1491.0	0.028371790453132966
1424	504.17555	352780.982797201	1360.0	0.04376237300242781
1425	504.84356	441315.413234587	1268.0	0.05474504201603973
1426	504.98193	1122574.31665706	867.0	0.13925500059262702
1427	505.16343	159196.776855343	1582.0	0.0197483114715759
1428	506.51925	199189.109788505	1526.0	0.02470934813852234
1429	506.87656	1189996.74020101	842.0	0.14761873160914318
1430	507.47476	2162504.59316174	622.0	0.26825803328466236
1431	508.3338	104442.188907515	1647.0	0.01295602158574451
1432	509.07727	1292872.37835379	802.0	0.16038042305296119
1433	509.90768	249803.659996882	1465.0	0.030988067609187292
1434	510.76406	198150.190661344	1528.0	0.02458047053859708
1435	511.0358	297714.458744651	1414.0	0.03693138753822501
1436	511.04129	42831.8740583839	1675.0	0.005313280874931785
1437	512.16386	527731.97439623	1195.0	0.06546498999383912
1438	512.61922	307875.463035372	1405.0	0.03819185701229931
1439	513.73814	1342187.44101996	781.0	0.16649794149152075
1440	513.92504	2223184.91502433	605.0	0.2757854086499739
1441	513.9462	4024140.30784084	432.0	0.4991933742275201
1442	514.29283	80707.5370433889	1665.0	0.010011745282285855
1443	515.0839	83778.9588459688	1662.0	0.010392754217366571
1444	516.45514	130146.688522991	1620.0	0.01614465690019363
1445	516.74879	4229479.45502944	420.0	0.524665632624265
1446	516.88973	24977.8252110639	1676.0	0.0030984915768670967
1447	517.15961	892646.93927903	968.0	0.11073257976227388
1448	518.42658	361506.729389041	1345.0	0.044844799197992544
1449	518.79142	165195.97530227	1572.0	0.020492510203798744
1450	519.14542	3290835.35246454	495.0	0.4082271188266325
1451	519.23434	4619123.73310946	402.0	0.5730008861302679
1452	519.49412	418138.837051087	1289.0	0.05186999483005078
1453	519.79354	80383.8477978078	1669.0	0.009971591730386097
1454	520.23355	401851.250517158	1305.0	0.04984952470279091
1455	520.85937	1208346.54457923	832.0	0.1498950192291674
1456	521.51801	1251009.66603564	819.0	0.15518736639544473
1457	521.62737	345262.509946465	1370.0	0.0428297087451493
1458	521.73891	675758.035525722	1077.0	0.08382757759667746
1459	522.68612	3245472.38900987	503.0	0.4025998570863364
1460	522.71889	3033286.59864452	521.0	0.37627827469786224
1461	522.83754	194761.939000162	1532.0	0.024160158956473103
1462	523.29398	11258669.4412755	203.0	1.3966345002314648
1463	523.5387	444996.300553591	1263.0	0.05520165496200105
1464	523.62017	117502.656222854	1636.0	0.0145761685610945
1465	524.24905	691393.357405996	1069.0	0.08576713449317523
1466	524.37758	255327.309280983	1459.0	0.03167327461322917
1467	524.91049	96037.7171748373	1653.0	0.011913449438182818
1468	525.34617	242733.777044284	1475.0	0.030111050791551866
1469	526.3306	1220738.06800158	830.0	0.15143218391921798
1470	526.65543	4970925.44833379	384.0	0.616641781289833
1471	526.72688	77498.5607985019	1670.0	0.009613672760714011
1472	526.95366	4877059.87655879	389.0	0.604997785824054
1473	527.03561	2222016.8081239	606.0	0.27564050534629236
1474	527.31633	913318.294227389	957.0	0.11329685502037562
1475	528.17895	1694365.92330634	708.0	0.21018557448988245
1476	528.36207	2824203.58125519	533.0	0.35034159034794393
1477	528.85264	186142.681731154	1539.0	0.023090942728831235
1478	530.23001	1722376.76453365	702.0	0.21366031077578365
1479	532.11074	232024.649087015	1485.0	0.02878258674430999
1480	532.41785	7632744.25857535	284.0	0.9468395904660537
1481	532.80381	3297461.28300516	494.0	0.4090490634833644
1482	532.85311	714773.560096216	1053.0	0.08866744148503469
1483	532.99894	246423.178814154	1470.0	0.03056871995253859
1484	533.99291	1742405.13435644	698.0	0.2161448239257438
1485	534.10235	535176.637753336	1191.0	0.06638849820601071
1486	534.97371	161167.440918695	1577.0	0.019992771745820523
1487	536.16249	112176.43686002	1644.0	0.013915452678393172
1488	536.48704	4735145.96436648	395.0	0.5873934084272037
1489	536.53985	641119.94306642	1108.0	0.07953073282268365
1490	536.74654	8009599.89933013	273.0	0.9935884174238271
1491	536.99607	10364549.0820495	221.0	1.2857191431754795
1492	537.14891	2081002.8300017	637.0	0.2581477644955549
1493	537.37083	392823.225837702	1311.0	0.04872960100292244
1494	537.95734	181466.398633308	1546.0	0.0225108512409901
1495	538.3368	14099378.9560061	161.0	1.7490236465779685
1496	539.3167	1795989.44623868	683.0	0.22279194142361936
1497	539.71274	967350.689155594	927.0	0.11999955708303722
1498	539.82786	548971.250428565	1181.0	0.06809971568868445
1499	540.38218	373437.029572921	1335.0	0.04632474928639633
1500	540.41508	9402228.10377371	242.0	1.166343520188524
1501	540.53497	120508.387247332	1631.0	0.01494902857524609
1502	540.57743	1265833.26945963	808.0	0.15702622986574022
1503	540.91327	159407.527668575	1581.0	0.019774455045489935
1504	541.09092	6780942.9306455	310.0	0.8411738962972206
1505	541.51984	12957679.4174259	175.0	1.6073961680560653
1506	542.95033	345832.898458896	1368.0	0.04290046526563796
1507	542.96962	1201438.73197224	836.0	0.1490381071883283
1508	543.29476	264459.128265881	1444.0	0.032806073964937676
1509	543.45233	648852.292298507	1102.0	0.08048992837964526
1510	543.62946	90508.7803249695	1658.0	0.011227586513224997
1511	544.69162	1071045.69889014	891.0	0.1328628913209325
1512	545.56089	696177.700019508	1067.0	0.08636063073087998
1513	546.3275	3269089.02513442	497.0	0.40552949357340085
1514	546.42796	148466.707207343	1596.0	0.018417249614004788
1515	547.27085	111850.534693893	1645.0	0.013875024614376617
1516	547.39005	604882.914839141	1136.0	0.07503554055577703
1517	547.62888	434527.362106319	1275.0	0.0539029863500018
1518	547.65642	1370058.4207022	770.0	0.1699553279955388
1519	548.08602	203118.740591976	1521.0	0.025196817637642664
1520	548.12427	222283.419542788	1497.0	0.027574190199131727
1521	548.14381	134818.376524287	1614.0	0.01672417836771335
1522	548.30985	144880.425651518	1602.0	0.017972372484026496
1523	548.71454	88983.4121294621	1660.0	0.011038365055173194
1524	549.75158	121029.632462986	1630.0	0.015013688884802215
1525	550.14647	80922.8835004242	1664.0	0.010038458944407906
1526	550.67785	138991.890785256	1610.0	0.017241901535133827
1527	551.22576	120231.238787911	1632.0	0.014914648393632948
1528	552.24459	103421.65984785	1648.0	0.012829425268066722
1529	552.55434	280458.324583504	1424.0	0.034790769374081605
1530	553.54179	246771.5677531	1469.0	0.03061193749384478
1531	554.39354	269438.961042351	1436.0	0.03342382069755811
1532	554.65052	149579.564219562	1593.0	0.01855529918595434
1533	555.35765	113910.958138961	1642.0	0.014130619512466254
1534	555.79822	144048.28644703	1605.0	0.0178691458702561
1535	556.0211	188210.211934245	1537.0	0.023347419218079712
1536	556.35996	389123.982336075	1317.0	0.04827071097812178
1537	556.96178	2491885.44854455	569.0	0.3091176276392922
1538	557.28421	4133161.51878825	427.0	0.5127174220966185
1539	557.31018	169574.271011538	1565.0	0.02103563644723931
1540	557.60891	876999.79946012	978.0	0.10879155685410337
1541	558.67553	5734719.76409536	355.0	0.7113902325200028
1542	559.4655	538749.423608233	1189.0	0.06683170119841714
1543	560.02242	124062.065583928	1626.0	0.015389861285852152
1544	560.27673	266300.28936197	1440.0	0.03303446943570749
1545	560.29448	1058574.1795404	896.0	0.13131580316055946
1546	561.56436	9274077.89516555	244.0	1.1504465260110541
1547	561.86321	182013.6873983	1545.0	0.022578742244875043
1548	562.40213	101762.215506709	1650.0	0.012623571705162153
1549	562.45418	1330930.45973465	787.0	0.1651015164065204
1550	563.39459	746372.437317973	1032.0	0.09258727253848859
1551	563.82618	496903.94561208	1218.0	0.06164078245327252
1552	564.1434	233631.533261127	1482.0	0.02898192023457246
1553	564.99867	171205.215497069	1563.0	0.021237954611773396
1554	565.07052	157295.00625087	1586.0	0.01951239740983113
1555	565.51761	294662.092539778	1415.0	0.03655274244421084
1556	565.86572	206308.552754485	1516.0	0.02559251286065769
1557	565.88161	1121997.62771017	868.0	0.13918346250517097
1558	566.25159	941254.81820524	942.0	0.1167623722742146
1559	567.90233	273699.674590889	1433.0	0.033952360909927794
1560	568.65296	866418.264314219	981.0	0.10747892065608183
1561	569.14964	100810.060493746	1651.0	0.01250545716706254
1562	570.5464	136259.800578806	1612.0	0.016902986580753544
1563	570.59918	609913.835000213	1134.0	0.07565962466283004
1564	570.93776	735965.15747867	1038.0	0.09129625265794689
1565	571.18483	115375.703805786	1640.0	0.014312320764379072
1566	571.78322	249257.431595502	1466.0	0.03092030814308406
1567	573.17616	177744.816369245	1552.0	0.02204919009954255
1568	574.79536	88741.4097148932	1661.0	0.011008344729672995
1569	575.3122	655485.654380468	1097.0	0.08131279491680725
1570	576.29918	1125218.87423842	866.0	0.13958305715164057
1571	577.50802	167258.522238051	1567.0	0.020748368520261767
1572	580.67249	214251.392336092	1507.0	0.02657781968108954
1573	581.63725	595084.737544217	1148.0	0.07382007965954479
1574	585.22181	120108.981397611	1633.0	0.014899482401764029
1575	585.50752	74043.5693906435	1671.0	0.009185082133430113
1576	585.60877	143229.522695236	1607.0	0.017767578477300924
1577	588.38163	208915.227674653	1510.0	0.02591587008713847
1578	590.5671	364645.332907062	1341.0	0.045234142004323255
1579	592.77884	179741.86617149	1547.0	0.022296923516625607
1580	592.96758	94784.2240089389	1654.0	0.011757953994389085
1581	593.46542	320619.020985094	1392.0	0.039772691477785165
1582	595.27177	163024.028058015	1574.0	0.020223080812534416
1583	602.70506	300648.391297717	1411.0	0.03729534097396066
1584	606.54814	469487.254834553	1244.0	0.05823975034891988
1585	607.90074	165253.968295746	1571.0	0.020499704216899735
1586	609.36422	71666.5757248681	1673.0	0.008890216796298634
1587	610.32931	144356.551974284	1604.0	0.0179073861146154
1588	612.79059	135459.560419705	1613.0	0.01680371703380568
1589	613.66146	733263.359100077	1040.0	0.09096109539554617
1590	613.7691	634640.027222362	1113.0	0.07872690124439524
1591	614.17305	202320.095844077	1522.0	0.025097746000966384
1592	615.77276	221916.44184802	1498.0	0.027528666728352007
1593	616.53595	113266.84552719	1643.0	0.014050717540006207
1594	619.15572	712557.278616191	1056.0	0.08839251244538467
1595	621.51431	153383.326555565	1589.0	0.019027154740187662
1596	623.07219	851854.356190688	990.0	0.10567227230836905
1597	623.264	325455.883804164	1387.0	0.04037270283092377
1598	624.63177	758838.091922467	1026.0	0.09413363317900786
1599	625.25546	389579.544979493	1315.0	0.04832722338468393
1600	630.14996	1030841.31543498	903.0	0.1278755498515972
1601	631.53056	193109.312567307	1534.0	0.023955151153005855
1602	631.80176	280223.236346396	1425.0	0.03476160675018042
1603	633.68231	721640.533996513	1050.0	0.08951928749680083
1604	633.88755	157509.024329455	1585.0	0.019538946287012766
1605	636.43637	65104.7609908431	1674.0	0.008076225685762196
1606	638.07429	131433.334847363	1618.0	0.016304264983154664
1607	639.36001	477172.484168929	1236.0	0.059193100696984136
1608	640.0	2857370.89564008	530.0	0.35445598555170904
1609	640.80171	491876.12859846	1221.0	0.06101708329071172
1610	641.16477	1010793.28149453	910.0	0.1253885973738565
1611	641.99484	931462.622946822	944.0	0.11554765344778103
1612	643.08447	228224.427512988	1492.0	0.028311170420516698
1613	646.27121	542108.00595997	1186.0	0.06724833231178011
1614	646.91918	251174.542752668	1464.0	0.031158125195697814
1615	649.49801	969724.621601312	924.0	0.120294042676757
1616	649.5741	194401.579677267	1533.0	0.024115456492699715
1617	649.64653	410784.212351519	1296.0	0.05095765588580449
1618	653.39277	80511.3359064	1666.0	0.009987406591259119
1619	654.62373	368334.184143404	1340.0	0.045691742871794234
1620	656.92138	611434.821060472	1133.0	0.07584830251834475
1621	659.29121	435434.59042343	1274.0	0.05401552774522378
1622	659.75589	149509.147859239	1594.0	0.018546564057996207
1623	663.37483	327472.312111485	1384.0	0.04062284014563374
1624	667.79848	504408.378054	1210.0	0.06257170500213229
1625	675.27067	116658.069550692	1637.0	0.014471397842766751
1626	681.02619	196583.591652266	1531.0	0.0243861344107341
1627	682.0371	96412.5360569129	1652.0	0.011959945605849471
1628	682.85917	238051.536928686	1479.0	0.02953022033748081
1629	684.13382	316448.884105653	1395.0	0.039255387273510106
1630	684.26854	92802.5687249224	1656.0	0.011512130262583183
1631	684.3655	256625.393256221	1457.0	0.03183430153328143
1632	685.51607	359813.332668006	1348.0	0.04463473385274796
1633	685.81479	221679.094890816	1499.0	0.027499223910913848
1634	688.57545	80492.2715995569	1667.0	0.009985041669826888
1635	696.30211	128934.594647192	1621.0	0.015994297025672937
1636	701.63901	179153.245763799	1549.0	0.022223905335106955
1637	702.2952	174912.318429625	1555.0	0.021697819596576646
1638	702.46407	160309.870225678	1580.0	0.019886390363677443
1639	703.822	150514.017547606	1591.0	0.018671217835454584
1640	706.84088	145999.745785639	1598.0	0.01811122380427096
1641	709.03841	179288.028876235	1548.0	0.022240625138975303
1642	710.74595	125148.144761919	1624.0	0.015524589075656898
1643	713.09206	415460.244345147	1293.0	0.0515377162242442
1644	718.73165	2101247.88514899	634.0	0.2606591573937365
1645	720.71116	161778.525650839	1575.0	0.02006857661991587
1646	729.28294	144994.521098047	1601.0	0.01798652598926731
1647	732.06799	127802.14252676	1622.0	0.01585381668654359
1648	751.10182	3246929.38896903	501.0	0.4027805974855827
1649	765.37584	176564.993257513	1553.0	0.021902833403432936
1650	771.03627	184155.923138764	1542.0	0.022844485933182664
1651	822.0377	3713924.42637469	458.0	0.46071118902480257
1652	832.70549	482004.150393339	1232.0	0.059792467414144776
1653	838.77711	524384.08570959	1199.0	0.0650496854263603
1654	846.8406	130251.993772418	1619.0	0.016157719984172814
1655	851.40714	92463.0077873119	1657.0	0.011470007832142233
1656	852.6669	179028.939696086	1550.0	0.022208485205431627
1657	859.8828	140548.117081167	1609.0	0.017434950931101395
1658	866.18993	430244.584037248	1279.0	0.053371709040609394
1659	868.86233	948023.222725331	937.0	0.11760199078451798
1660	869.94548	398943.222142133	1307.0	0.04948878467241732
1661	879.05209	236627.098782437	1480.0	0.02935351922116562
1662	882.42195	425723.290768556	1283.0	0.05281084399366437
1663	892.90753	103265.488712915	1649.0	0.01281005228654984
1664	899.95558	488256.19377118	1224.0	0.06056803148270376
1665	901.20754	426814.847641851	1282.0	0.05294625128989598
1666	925.90056	160923.670815128	1578.0	0.019962532139040833
1667	940.11129	300517.843537307	1412.0	0.03727914656421557
1668	941.40423	359625.121875238	1349.0	0.04461138636147763
1669	944.38015	439828.371228967	1271.0	0.054560574910119716
1670	956.99078	298352.5702179	1413.0	0.037010545071287114
1671	962.64964	423067.750574609	1285.0	0.05248142504491889
1672	973.85727	1082899.989819	885.0	0.13433341248450184
1673	976.33806	265337.072147558	1441.0	0.03291498263490199
1674	986.17339	502713.710451521	1211.0	0.06236148200443332
1675	988.90353	256387.369000229	1458.0	0.031804774697135794
