	Longueur d'onde (nm)	Intensité	Numéro	Intensité normalisée	Intensité normalisée.1
0	229.81687999999997	7900	644	0.3147410358565737	
1	237.36244	5000	832	0.199203187250996	
2	245.75966	11000	522	0.43824701195219123	
3	246.26471	9300	587	0.3705179282868526	
4	246.51491000000001	6900	693	0.2749003984063745	
5	246.88797000000002	7100	686	0.28286852589641437	
6	247.2341	6000	749	0.23904382470119523	
7	247.28947000000002	3980	935	0.15856573705179283	
8	247.31566	4470	895	0.17808764940239044	
9	247.97762000000003	7600	665	0.30278884462151395	
10	248.32707000000002	38000	233	1.5139442231075697	
11	248.41875	10000	557	0.398406374501992	
12	248.63725	5800	771	0.23107569721115537	
13	248.81422999999998	7200	676	0.2868525896414343	
14	248.97522999999998	3800	957	0.15139442231075698	
15	249.06442	18200	360	0.7250996015936255	
16	249.11548	13200	465	0.5258964143426295	
17	249.65337000000002	6000	751	0.23904382470119523	
18	250.11317999999997	5800	772	0.23107569721115537	
19	250.79001	4900	842	0.1952191235059761	
20	251.08347999999998	6000	752	0.23904382470119523	
21	251.81015	5100	820	0.20318725099601595	
22	252.28492999999997	11700	496	0.46613545816733065	
23	252.74347999999998	6600	712	0.26294820717131473	
24	252.91348	4900	843	0.1952191235059761	
25	253.56068	4170	918	0.1661354581673307	
26	254.0972	4680	867	0.18645418326693228	
27	254.59783	5600	780	0.22310756972111553	
28	254.96132000000003	11200	512	0.44621513944223107	
29	258.45358999999996	9100	597	0.36254980079681276	
30	260.68261	5000	833	0.199203187250996	
31	266.68122999999997	3630	987	0.1446215139442231	
32	267.90616	8100	637	0.32270916334661354	
33	268.92121000000003	5500	791	0.21912350597609562	
34	270.65817000000004	6500	722	0.2589641434262948	
35	271.90272000000004	10700	531	0.4262948207171315	
36	272.09021	8100	638	0.32270916334661354	
37	272.35773	8900	605	0.3545816733067729	
38	273.35803	15100	419	0.601593625498008	
39	273.54751	8100	639	0.32270916334661354	
40	273.69659	3720	975	0.14820717131474104	
41	273.7309	10700	532	0.4262948207171315	
42	274.2254	4270	912	0.1701195219123506	
43	274.24052	16200	396	0.6454183266932271	
44	274.40673	6300	731	0.250996015936255	
45	274.69818	17400	372	0.6932270916334662	
46	275.01403999999997	21400	321	0.852589641434263	
47	275.6328	6300	732	0.250996015936255	
48	276.20264	3630	988	0.1446215139442231	
49	276.31094	3550	998	0.14143426294820718	
50	277.20738	3720	976	0.14820717131474104	
51	277.82201000000003	9100	598	0.36254980079681276	
52	278.81047	4570	884	0.18207171314741036	
53	279.77751	7200	677	0.2868525896414343	
54	280.6984	6300	733	0.250996015936255	
55	281.32863	12000	492	0.47808764940239046	
56	282.32755	4790	853	0.1908366533864542	
57	282.55555	9500	574	0.3784860557768924	
58	283.24352999999996	14500	440	0.5776892430278885	
59	283.81192999999996	4680	868	0.18645418326693228	
60	284.36306	5100	821	0.20318725099601595	
61	284.39762	15800	405	0.6294820717131474	
62	285.17967000000004	15100	420	0.601593625498008	
63	286.93076	4170	919	0.1661354581673307	
64	287.4172	6200	741	0.24701195219123506	
65	291.21571	12900	470	0.5139442231075697	
66	292.90069	16600	388	0.6613545816733067	
67	293.69032000000004	105000	126	4.183266932270916	
68	294.13425	15100	421	0.601593625498008	
69	294.78758	83000	143	3.306772908366534	
70	295.39398	69000	160	2.749003984063745	
71	295.73643	46800	211	1.8645418326693226	
72	295.9992	8500	620	0.3386454183266932	
73	296.52542	35500	247	1.4143426294820718	
74	296.68984	138000	106	5.49800796812749	
75	296.93596	19100	345	0.7609561752988048	
76	296.94744	11200	513	0.44621513944223107	
77	297.00992	56000	187	2.231075697211155	
78	297.01058	74000	153	2.948207171314741	
79	297.01179	39800	228	1.5856573705179282	
80	297.31322	89000	134	3.545816733067729	
81	297.32352000000003	100000	129	3.9840637450199203	
82	298.14448	107000	123	4.2629482071713145	
83	298.64557	3800	958	0.15139442231075698	
84	298.72902999999997	12900	469	0.5139442231075697	
85	298.72904	12300	483	0.4900398406374502	
86	299.03913	5200	812	0.20717131474103587	
87	299.45018999999996	26300	288	1.047808764940239	
88	299.95116	112000	121	4.46215139442231	
89	300.04509	24000	300	0.9561752988047809	
90	300.09476	81000	144	3.2270916334661353	
91	300.30305	9800	565	0.3904382470119522	
92	300.7145	11000	523	0.43824701195219123	
93	300.72822	58000	182	2.310756972111554	
94	300.8138	85000	140	3.3864541832669324	
95	300.95691	52000	193	2.0717131474103585	
96	301.14808	6800	702	0.27091633466135456	
97	301.61845	5400	799	0.2151394422310757	
98	301.7627	29500	273	1.1752988047808766	
99	301.89828	26300	289	1.047808764940239	
100	302.04905	107000	124	4.2629482071713145	
101	302.40324	123000	111	4.900398406374502	
102	302.56362	20000	335	0.796812749003984	
103	302.58422	120000	113	4.780876494023905	
104	302.64617000000004	15500	415	0.6175298804780877	
105	303.01481	13800	450	0.549800796812749	
106	303.16364	10500	538	0.41832669322709165	
107	303.73885	98000	131	3.904382470119522	
108	304.04271	16600	389	0.6613545816733067	
109	304.1637	11000	524	0.43824701195219123	
110	304.17386	13800	451	0.549800796812749	
111	304.20194	4790	854	0.1908366533864542	
112	304.26646	9500	575	0.3784860557768924	
113	305.52622	10000	558	0.398406374501992	
114	305.74456000000004	120000	114	4.780876494023905	
115	305.90856	204000	89	8.127490039840637	
116	306.71181	13500	458	0.5378486055776892	
117	306.72437	68000	162	2.7091633466135456	
118	306.81732999999997	7100	687	0.28286852589641437	
119	307.57194	41700	223	1.6613545816733069	
120	308.37407	25700	293	1.0239043824701195	
121	309.15763	14100	447	0.5617529880478087	
122	309.98942999999997	17800	368	0.7091633466135459	
123	309.99679	47900	207	1.908366533864542	
124	310.03033	28200	279	1.1235059760956174	
125	310.06647000000004	38000	234	1.5139442231075697	
126	311.66312999999997	4070	930	0.16215139442231075	
127	311.94947	4370	902	0.17410358565737052	
128	312.04351	3800	959	0.15139442231075698	
129	312.56503	6200	742	0.24701195219123506	
130	312.56822999999997	6300	734	0.250996015936255	
131	313.41098	5800	773	0.23107569721115537	
132	315.70358999999996	5200	813	0.20717131474103587	
133	316.03413	3800	960	0.15139442231075698	
134	316.06572	6000	753	0.23904382470119523	
135	316.64353	3630	989	0.1446215139442231	
136	317.54445	6800	703	0.27091633466135456	
137	317.80126	4900	844	0.1952191235059761	
138	318.02231	14800	431	0.5896414342629482	
139	318.07552000000004	11700	497	0.46613545816733065	
140	318.48945	33900	254	1.350597609561753	
141	318.88187999999997	5000	834	0.199203187250996	
142	319.1659	39800	229	1.5856573705179282	
143	319.28002000000004	9300	588	0.3705179282868526	
144	319.32257000000004	87000	137	3.4661354581673307	
145	319.32996	9500	576	0.3784860557768924	
146	319.69272	29500	272	1.1752988047808766	
147	319.69866	20400	331	0.8127490039840638	
148	319.94993999999997	11700	498	0.46613545816733065	
149	319.95302000000004	9500	577	0.3784860557768924	
150	320.04713	14800	432	0.5896414342629482	
151	320.53978	12300	484	0.4900398406374502	
152	321.02289	6500	723	0.2589641434262948	
153	321.0829	10700	529	0.4262948207171315	
154	321.16772000000003	5500	792	0.21912350597609562	
155	321.19871	16600	390	0.6613545816733067	
156	321.4012	15800	404	0.6294820717131474	
157	321.40614	22900	309	0.9123505976095617	
158	321.43956000000003	33100	259	1.3187250996015936	
159	321.59378	14800	433	0.5896414342629482	
160	321.7377	10200	550	0.4063745019920319	
161	321.95819	20000	336	0.796812749003984	
162	321.98042999999996	13800	452	0.549800796812749	
163	322.20669	46800	212	1.8645418326693226	
164	322.5787	66000	165	2.6294820717131473	
165	322.77952999999997	19100	346	0.7609561752988048	
166	322.82487000000003	5400	800	0.2151394422310757	
167	322.91201	10000	559	0.398406374501992	
168	323.0207	4370	903	0.17410358565737052	
169	323.09634	10500	539	0.41832669322709165	
170	323.30516	17800	369	0.7091633466135459	
171	323.39672	10700	533	0.4262948207171315	
172	323.4613	20900	325	0.8326693227091634	
173	323.62221	46800	213	1.8645418326693226	
174	323.94327000000004	21400	322	0.852589641434263	
175	324.41874	18200	361	0.7250996015936255	
176	324.60046	19500	340	0.7768924302788844	
177	324.69604	4470	896	0.17808764940239044	
178	324.8204	7400	668	0.2948207171314741	
179	325.43617	16200	397	0.6454183266932271	
180	325.75924	4900	845	0.1952191235059761	
181	326.50467000000003	16600	391	0.6613545816733067	
182	326.56163	17400	373	0.6932270916334662	
183	327.09997000000004	17400	374	0.6932270916334662	
184	328.02602	14100	446	0.5617529880478087	
185	328.67528	51000	197	2.0318725099601593	
186	329.09881	4790	855	0.1908366533864542	
187	329.20206	7200	678	0.2868525896414343	
188	329.25892999999996	8500	621	0.3386454183266932	
189	329.8132	5800	770	0.23107569721115537	
190	330.59705	36300	242	1.4462151394422311	
191	330.63392999999996	16200	398	0.6454183266932271	
192	330.63545	30200	271	1.203187250996016	
193	330.72334	8300	625	0.33067729083665337	
194	331.47411	5900	763	0.2350597609561753	
195	332.37362	4370	904	0.17410358565737052	
196	332.88657	6800	704	0.27091633466135456	
197	333.76649	4790	856	0.1908366533864542	
198	334.05641	3550	999	0.14143426294820718	
199	334.19057000000004	4170	920	0.1661354581673307	
200	334.582988	10200	551	0.4063745019920319	
201	335.52275	5800	774	0.23107569721115537	
202	336.67852	5600	781	0.22310756972111553	
203	336.68637	5100	822	0.20318725099601595	
204	336.72159	8700	612	0.3466135458167331	
205	336.95471000000003	18600	352	0.7410358565737052	
206	337.07832	34700	249	1.3824701195219125	
207	337.86787000000004	9300	589	0.3705179282868526	
208	337.90177	6200	743	0.24701195219123506	
209	338.01097999999996	14800	434	0.5896414342629482	
210	338.36914	5800	775	0.23107569721115537	
211	338.39788	18200	362	0.7250996015936255	
212	338.74053	3720	977	0.14820717131474104	
213	339.2305	14800	429	0.5896414342629482	
214	339.26521	36300	243	1.4462151394422311	
215	339.45829	6500	724	0.2589641434262948	
216	339.93329	38900	231	1.549800796812749	
217	340.15185	7900	645	0.3147410358565737	
218	340.2256	10700	530	0.4262948207171315	
219	340.43006	7100	688	0.28286852589641437	
220	340.43537000000003	31600	263	1.2589641434262948	
221	340.67992000000004	14800	435	0.5896414342629482	
222	340.74594	145000	102	5.776892430278885	
223	341.0169	3890	946	0.1549800796812749	
224	341.13529	7400	669	0.2948207171314741	
225	341.31321	62000	176	2.4701195219123506	
226	341.5531	7200	679	0.2868525896414343	
227	341.78403	31600	264	1.2589641434262948	
228	341.85069	21900	318	0.8725099601593626	
229	342.24922000000004	5100	823	0.20318725099601595	
230	342.26557	19500	341	0.7768924302788844	
231	342.42842	31600	265	1.2589641434262948	
232	342.501	8900	604	0.3545816733067729	
233	342.6382	13200	464	0.5258964143426295	
234	342.66278	12900	471	0.5139442231075697	
235	342.66656	3800	961	0.15139442231075698	
236	342.71193	138000	107	5.49800796812749	
237	342.81924	25700	294	1.0239043824701195	
238	344.06057000000004	1350000	3	53.78486055776892	
239	344.09885	1290000	5	51.39442231075697	
240	344.23616	12000	493	0.47808764940239046	
241	344.38763	620000	41	24.701195219123505	
242	344.51489	46800	214	1.8645418326693226	
243	344.72778999999997	16200	399	0.6454183266932271	
244	345.03279	16200	400	0.6454183266932271	
245	345.19142	16200	401	0.6454183266932271	
246	345.22744	23400	303	0.9322709163346613	
247	345.30201	6000	754	0.23904382470119523	
248	345.83031	5200	814	0.20717131474103587	
249	345.99138	3800	962	0.15139442231075698	
250	346.58603999999997	870000	23	34.66135458167331	
251	346.88442000000003	5100	824	0.20318725099601595	
252	347.12654	6300	735	0.250996015936255	
253	347.13428999999996	5400	801	0.2151394422310757	
254	347.545	1200000	9	47.808764940239044	
255	347.56514	5600	782	0.22310756972111553	
256	347.67016	490000	46	19.52191235059761	
257	347.68541	4570	885	0.18207171314741036	
258	348.534	5900	764	0.2350597609561753	
259	348.96675	6200	744	0.24701195219123506	
260	349.05737999999997	1320000	4	52.58964143426295	
261	349.52865	17400	375	0.6932270916334662	
262	349.71031	15100	422	0.601593625498008	
263	349.78403	479000	48	19.083665338645417	
264	350.05645	3800	963	0.15139442231075698	
265	350.64975	10500	540	0.41832669322709165	
266	350.84743	4570	886	0.18207171314741036	
267	351.38177	191000	93	7.609561752988048	
268	352.1261	204000	88	8.127490039840637	
269	352.22677999999996	3800	964	0.15139442231075698	
270	352.40738999999996	12600	481	0.50199203187251	
271	352.42395	10000	560	0.398406374501992	
272	352.60406	339000	61	13.50597609561753	
273	352.61656	100000	130	3.9840637450199203	
274	352.62377000000004	9100	599	0.36254980079681276	
275	352.63811	17000	381	0.6772908366533864	
276	352.64672	20000	337	0.796812749003984	
277	352.66742999999997	15100	423	0.601593625498008	
278	352.77926	12000	494	0.47808764940239046	
279	352.98196	11700	499	0.46613545816733065	
280	353.03865	4680	869	0.18645418326693228	
281	353.30064	12900	472	0.5139442231075697	
282	353.31979	24500	298	0.9760956175298805	
283	353.65556000000004	39800	230	1.5856573705179282	
284	353.77288	10500	541	0.41832669322709165	
285	353.78947	8900	606	0.3545816733067729	
286	354.01209	7200	680	0.2868525896414343	
287	354.07094	4570	887	0.18207171314741036	
288	354.08006	3890	947	0.1549800796812749	
289	354.10831	60000	180	2.3904382470119523	
290	354.20754	52000	194	2.0717131474103585	
291	354.56397000000004	9800	566	0.3904382470119522	
292	355.28277	4900	846	0.1952191235059761	
293	355.37383	21900	319	0.8725099601593626	
294	355.4118	10700	534	0.4262948207171315	
295	355.49242999999996	110000	122	4.382470119521912	
296	355.68776	38000	235	1.5139442231075697	
297	355.85148	380000	56	15.139442231075698	
298	355.9503	3980	936	0.15856573705179283	
299	356.53787	760000	29	30.278884462151396	
300	356.55811	11500	504	0.4581673306772908	
301	356.70309	3890	948	0.1549800796812749	
302	356.89742	6800	705	0.27091633466135456	
303	357.001	10700	535	0.4262948207171315	
304	357.02539	138000	108	5.49800796812749	
305	357.1995	20000	338	0.796812749003984	
306	357.38289	17000	382	0.6772908366533864	
307	357.38884	13800	453	0.549800796812749	
308	357.52449	4370	905	0.17410358565737052	
309	357.53697	9300	590	0.3705179282868526	
310	357.67584	4790	857	0.1908366533864542	
311	358.16465	4370	906	0.17410358565737052	
312	358.21996	23400	304	0.9322709163346613	
313	358.46592000000004	62000	177	2.4701195219123506	
314	358.47855	4790	858	0.1908366533864542	
315	358.49574	23400	305	0.9322709163346613	
316	358.53187	288000	67	11.474103585657371	
317	358.57051	166000	97	6.613545816733068	
318	358.61124	50000	200	1.9920318725099602	
319	358.69845	269000	71	10.717131474103585	
320	358.7239	5600	783	0.22310756972111553	
321	358.74228	9300	591	0.3705179282868526	
322	358.775156	8700	614	0.3466135458167331	
323	358.8609	9800	567	0.3904382470119522	
324	358.89176000000003	4680	870	0.18645418326693228	
325	358.91048	27500	283	1.095617529880478	
326	358.94517	11200	514	0.44621513944223107	
327	359.4632	18200	363	0.7250996015936255	
328	359.96249	4680	871	0.18645418326693228	
329	360.25252	5900	765	0.2350597609561753	
330	360.32032999999996	49000	203	1.952191235059761	
331	360.5201	3630	986	0.1446215139442231	
332	360.54525	68000	163	2.7091633466135456	
333	360.55003999999997	15800	406	0.6294820717131474	
334	360.66791	191000	94	7.609561752988048	
335	360.81414	4900	847	0.1952191235059761	
336	360.88591	720000	36	28.685258964143426	
337	361.01588	56000	188	2.231075697211155	
338	361.20684	11000	525	0.43824701195219123	
339	361.77858	36300	244	1.4462151394422311	
340	361.82987	4370	907	0.17410358565737052	
341	361.8386	12600	480	0.50199203187251	
342	361.87677	830000	25	33.06772908366534	
343	361.88122999999996	3720	978	0.14820717131474104	
344	362.14603999999997	85000	141	3.3864541832669324	
345	362.20031	54000	190	2.151394422310757	
346	362.31858	50000	201	1.9920318725099602	
347	362.34463	9500	578	0.3784860557768924	
348	362.51415	6600	713	0.26294820717131473	
349	363.03475	4900	848	0.1952191235059761	
350	363.10967999999997	15500	416	0.6175298804780877	
351	363.14628999999996	1150000	10	45.81673306772908	
352	363.20386	20000	339	0.796812749003984	
353	363.25551	8300	626	0.33067729083665337	
354	363.29767000000004	5000	835	0.199203187250996	
355	363.43275	4680	872	0.18645418326693228	
356	363.46967	3800	965	0.15139442231075698	
357	363.6161	4070	929	0.16215139442231075	
358	363.62233	3630	990	0.1446215139442231	
359	363.69939	10500	542	0.41832669322709165	
360	363.72484	3800	966	0.15139442231075698	
361	363.78673	4370	908	0.17410358565737052	
362	363.82962000000003	33900	255	1.350597609561753	
363	364.03882999999996	68000	164	2.7091633466135456	
364	364.3623	4570	883	0.18207171314741036	
365	364.37151	10000	561	0.398406374501992	
366	364.54937	3720	979	0.14820717131474104	
367	364.58199	10500	543	0.41832669322709165	
368	364.74236	6000	755	0.23904382470119523	
369	364.7843	980000	21	39.04382470119522	
370	364.93027	16600	392	0.6613545816733067	
371	364.95061	85000	142	3.3864541832669324	
372	365.00293999999997	8300	627	0.33067729083665337	
373	365.0279	34700	248	1.3824701195219125	
374	365.14667000000003	87000	138	3.4661354581673307	
375	365.37543	3720	980	0.14820717131474104	
376	365.54647	9300	592	0.3705179282868526	
377	365.95166	29500	274	1.1752988047808766	
378	366.72529	3890	949	0.1549800796812749	
379	366.91516	7800	653	0.3107569721115538	
380	366.95209	42700	220	1.701195219123506	
381	367.00241	6500	725	0.2589641434262948	
382	367.00881	26300	290	1.047808764940239	
383	367.47634	3980	937	0.15856573705179283	
384	367.63107	26900	286	1.0717131474103585	
385	367.73059	7900	646	0.3147410358565737	
386	367.76274	58000	183	2.310756972111554	
387	367.88601	7200	681	0.2868525896414343	
388	367.99131	910000	22	36.254980079681275	
389	368.2244	14500	439	0.5776892430278885	
390	368.30545	62000	178	2.4701195219123506	
391	368.41074	45700	215	1.8207171314741035	
392	368.59969	24000	301	0.9561752988047809	
393	368.62577000000005	4570	888	0.18207171314741036	
394	368.70968999999997	5600	784	0.22310756972111553	
395	368.74564	355000	59	14.143426294820717	
396	368.76578	16200	402	0.6454183266932271	
397	368.94579	20900	326	0.8326693227091634	
398	369.07264	9100	600	0.36254980079681276	
399	369.40058	30900	268	1.2310756972111554	
400	369.5051	33900	253	1.350597609561753	
401	369.74252	8900	607	0.3545816733067729	
402	369.86026	3800	967	0.15139442231075698	
403	370.1086	31600	266	1.2589641434262948	
404	370.20291000000003	5500	793	0.21912350597609562	
405	370.35476	7800	654	0.3107569721115538	
406	370.36906	5200	815	0.20717131474103587	
407	370.3821	5600	785	0.22310756972111553	
408	370.4461	34700	250	1.3824701195219125	
409	370.55658	1290000	6	51.39442231075697	
410	370.70442	13500	459	0.5378486055776892	
411	370.78218	81000	145	3.2270916334661353	
412	370.79196	93000	132	3.7051792828685257	
413	370.92461000000003	398000	53	15.856573705179283	
414	370.95335	14500	441	0.5776892430278885	
415	371.12224	14100	448	0.5617529880478087	
416	371.1408	4270	913	0.1701195219123506	
417	371.59112999999996	7600	666	0.30278884462151395	
418	371.64419	19100	347	0.7609561752988048	
419	371.84062	8500	622	0.3386454183266932	
420	372.1272	6600	711	0.26294820717131473	
421	372.15025	4900	849	0.1952191235059761	
422	372.16002000000003	6000	756	0.23904382470119523	
423	372.25627000000003	1290000	7	51.39442231075697	
424	372.43767	40700	226	1.6215139442231075	
425	372.69263	11700	500	0.46613545816733065	
426	372.70922	7800	655	0.3107569721115538	
427	372.76187999999996	355000	60	14.143426294820717	
428	372.76735	5500	794	0.21912350597609562	
429	372.78089	6500	726	0.2589641434262948	
430	372.86678	5400	802	0.2151394422310757	
431	373.03861	12900	473	0.5139442231075697	
432	373.0946	14800	436	0.5896414342629482	
433	373.13734	7400	670	0.2948207171314741	
434	373.23961	74000	154	2.948207171314741	
435	373.33173	1000000	17	39.8406374501992	
436	373.53235	17400	376	0.6932270916334662	
437	373.83049	34700	251	1.3824701195219125	
438	373.95229	5900	766	0.2350597609561753	
439	374.02392000000003	5400	803	0.2151394422310757	
440	374.26162999999997	6900	694	0.2749003984063745	
441	374.33619	245000	75	9.760956175298805	
442	374.3468	26300	291	1.047808764940239	
443	374.4102	6200	739	0.24701195219123506	
444	374.4102	6200	740	0.24701195219123506	
445	374.54711000000003	10500	544	0.41832669322709165	
446	374.5561	2510000	1	100.0	
447	374.58993	1100000	13	43.82470119521912	
448	374.69267	9300	593	0.3705179282868526	
449	374.82619	1910000	2	76.09561752988049	
450	374.89643	11700	501	0.46613545816733065	
451	374.94851	1150000	11	45.81673306772908	
452	375.36107000000004	22400	312	0.8924302788844621	
453	375.6068	4070	931	0.16215139442231075	
454	375.69371	9500	579	0.3784860557768924	
455	375.82327000000004	740000	33	29.48207171314741	
456	376.00494	117000	116	4.661354581673307	
457	376.05316	14800	437	0.5896414342629482	
458	376.14083	4570	889	0.18207171314741036	
459	376.37888	590000	42	23.50597609561753	
460	376.55387	115000	119	4.581673306772909	
461	376.71915	457000	49	18.207171314741036	
462	377.03012	11200	515	0.44621513944223107	
463	377.4824	5900	767	0.2350597609561753	
464	377.64545	21400	323	0.852589641434263	
465	377.74492000000004	4790	859	0.1908366533864542	
466	377.85087999999996	3800	968	0.15139442231075698	
467	378.1186	6200	745	0.24701195219123506	
468	378.59481	79000	148	3.147410358565737	
469	378.61491	5100	825	0.20318725099601595	
470	378.61867	9800	568	0.3904382470119522	
471	378.66766	41700	224	1.6613545816733069	
472	378.78799	224000	79	8.92430278884462	
473	378.91758	7400	671	0.2948207171314741	
474	379.00927	120000	115	4.780876494023905	
475	379.21542	11200	516	0.44621513944223107	
476	379.38714	4680	873	0.18645418326693228	
477	379.43395	60000	181	2.3904382470119523	
478	379.50019	309000	63	12.310756972111554	
479	379.75146	42700	221	1.701195219123506	
480	379.85111	251000	73	10.0	
481	379.95473	316000	62	12.589641434262948	
482	380.16791	10700	536	0.4262948207171315	
483	380.18084	3980	938	0.15856573705179283	
484	380.5342	74000	151	2.948207171314741	
485	380.5342	74000	152	2.948207171314741	
486	380.66954	32400	261	1.2908366533864541	
487	380.75366	17000	383	0.6772908366533864	
488	380.87282999999996	9500	580	0.3784860557768924	
489	381.18907	11000	526	0.43824701195219123	
490	381.29643	398000	54	15.856573705179283	
491	381.30577999999997	17000	384	0.6772908366533864	
492	381.45229	28200	280	1.1235059760956174	
493	381.584	760000	30	30.278884462151396	
494	381.634	8300	628	0.33067729083665337	
495	381.76392000000004	3550	1000	0.14143426294820718	
496	382.11776000000003	65000	167	2.589641434262948	
497	382.18342	12300	485	0.4900398406374502	
498	382.43035	22900	310	0.9123505976095617	
499	382.44435	1000000	18	39.8406374501992	
500	382.45552999999995	9800	569	0.3904382470119522	
501	382.58808999999997	760000	31	30.278884462151396	
502	382.75712999999996	7600	667	0.30278884462151395	
503	382.78224	590000	43	23.50597609561753	
504	383.08617000000004	4370	909	0.17410358565737052	
505	383.33079	14100	449	0.5617529880478087	
506	383.42222000000004	590000	44	23.50597609561753	
507	383.63301	11500	505	0.4581673306772908	
508	383.92556	47900	208	1.908366533864542	
509	384.04372	380000	57	15.139442231075698	
510	384.10477000000003	457000	50	18.207171314741036	
511	384.32565	50000	202	1.9920318725099602	
512	384.51686	7900	647	0.3147410358565737	
513	384.64091	6000	757	0.23904382470119523	
514	384.68	24500	297	0.9760956175298805	
515	384.99664	204000	90	8.127490039840637	
516	385.08176000000003	91000	133	3.6254980079681274	
517	385.25723999999997	12900	474	0.5139442231075697	
518	385.63712999999996	1100000	14	43.82470119521912	
519	385.92123	81000	146	3.2270916334661353	
520	386.134	4680	874	0.18645418326693228	
521	386.37411000000003	5800	776	0.23107569721115537	
522	386.55228	178000	96	7.091633466135458	
523	386.72157000000004	21400	324	0.852589641434263	
524	386.9558	8100	640	0.32270916334661354	
525	386.96078	4270	914	0.1701195219123506	
526	387.17477	10200	552	0.4063745019920319	
527	387.25009	234000	77	9.322709163346614	
528	387.37602999999996	63000	172	2.50996015936255	
529	387.60397	7200	682	0.2868525896414343	
530	387.8018	275000	70	10.95617529880478	
531	387.8573	1290000	8	51.39442231075697	
532	387.86707	49000	204	1.952191235059761	
533	387.87256	10500	545	0.41832669322709165	
534	388.32797	6500	727	0.2589641434262948	
535	388.43584	17400	377	0.6932270916334662	
536	388.55102999999997	16600	393	0.6613545816733067	
537	388.6282	550000	45	21.91235059760956	
538	388.7048	251000	74	10.0	
539	388.85132000000004	200000	91	7.968127490039841	
540	388.88212999999996	10200	553	0.4063745019920319	
541	389.08402	7900	648	0.3147410358565737	
542	389.19262000000003	4790	860	0.1908366533864542	
543	389.33901000000003	18600	353	0.7410358565737052	
544	389.39122000000003	7100	689	0.28286852589641437	
545	389.56562	740000	34	29.48207171314741	
546	389.74485	4270	915	0.1701195219123506	
547	389.78896000000003	45700	216	1.8207171314741035	
548	389.80086	19500	342	0.7768924302788844	
549	389.90286000000003	7200	683	0.2868525896414343	
550	389.97071	1070000	15	42.62948207171315	
551	390.29455	302000	64	12.03187250996016	
552	390.38976	11200	517	0.44621513944223107	
553	390.64795	234000	78	9.322709163346614	
554	390.79337999999996	12300	486	0.4900398406374502	
555	390.98292999999995	3630	991	0.1446215139442231	
556	391.08434	5100	826	0.20318725099601595	
557	391.36316	4570	890	0.18207171314741036	
558	391.67307	17000	385	0.6772908366533864	
559	391.71807	19100	348	0.7609561752988048	
560	391.8315	7900	649	0.3147410358565737	
561	391.84152	7900	650	0.3147410358565737	
562	391.86413999999996	13800	454	0.549800796812749	
563	391.90652	5400	804	0.2151394422310757	
564	392.02578	650000	38	25.89641434262948	
565	392.29115	1000000	19	39.8406374501992	
566	392.56435	6900	695	0.2749003984063745	
567	392.5941	9300	594	0.3705179282868526	
568	392.792	219000	83	8.725099601593625	
569	392.80827	6200	746	0.24701195219123506	
570	393.02964	1150000	12	45.81673306772908	
571	393.26271	8500	623	0.3386454183266932	
572	393.3599	4270	911	0.1701195219123506	
573	393.58122000000003	9300	595	0.3705179282868526	
574	393.73276	7800	656	0.3107569721115538	
575	394.08772999999997	10000	562	0.398406374501992	
576	394.24397	8300	629	0.33067729083665337	
577	394.33404	3630	992	0.1446215139442231	
578	394.51169	5500	795	0.21912350597609562	
579	394.75306	4270	916	0.1701195219123506	
580	394.8097	8300	630	0.33067729083665337	
581	394.87746	20400	332	0.8127490039840638	
582	394.99527	29500	275	1.1752988047808766	
583	395.11629	15100	424	0.601593625498008	
584	395.2601	18200	359	0.7250996015936255	
585	395.31511	4680	875	0.18645418326693228	
586	395.64551	23400	306	0.9322709163346613	
587	395.6677	100000	128	3.9840637450199203	
588	395.70181	6800	706	0.27091633466135456	
589	396.31002	5500	796	0.21912350597609562	
590	396.60614	19500	343	0.7768924302788844	
591	396.74204	14800	438	0.5896414342629482	
592	396.79611	3720	981	0.14820717131474104	
593	396.9257	427000	52	17.01195219123506	
594	397.03888	5400	805	0.2151394422310757	
595	397.13223999999997	13500	460	0.5378486055776892	
596	397.6613	3800	956	0.15139442231075698	
597	397.77407	38000	236	1.5139442231075697	
598	398.17708	17400	378	0.6932270916334662	
599	398.39561000000003	18200	364	0.7250996015936255	
600	398.61714	7400	672	0.2948207171314741	
601	399.59833	3630	993	0.1446215139442231	
602	399.73919	76000	150	3.0278884462151394	
603	399.80525	17400	379	0.6932270916334662	
604	400.16615	4470	897	0.17808764940239044	
605	400.52417	209000	86	8.326693227091633	
606	400.63105	4790	861	0.1908366533864542	
607	400.72718	6600	714	0.26294820717131473	
608	400.97125	20900	327	0.8326693227091634	
609	401.45306	29500	276	1.1752988047808766	
610	401.71483	3800	969	0.15139442231075698	
611	402.1866	37200	238	1.4820717131474104	
612	402.47247999999996	5100	827	0.20318725099601595	
613	403.04883	7900	651	0.3147410358565737	
614	403.19604	5800	777	0.23107569721115537	
615	404.46089	6800	707	0.27091633466135456	
616	404.58122000000003	1000000	20	39.8406374501992	
617	405.50352000000004	4790	862	0.1908366533864542	
618	406.24406	15100	425	0.601593625498008	
619	406.32754	4070	932	0.16215139442231075	
620	406.35939	830000	26	33.06772908366534	
621	406.69739	13800	455	0.549800796812749	
622	406.72709	8300	631	0.33067729083665337	
623	406.79775	10500	546	0.41832669322709165	
624	407.07705	5000	836	0.199203187250996	
625	407.17377	710000	37	28.286852589641434	
626	407.3762	3550	1001	0.14143426294820718	
627	407.4786	7200	675	0.2868525896414343	
628	407.66288	11200	518	0.44621513944223107	
629	407.83536000000004	5400	806	0.2151394422310757	
630	407.98377	4570	891	0.18207171314741036	
631	408.44912999999997	7100	690	0.28286852589641437	
632	408.50038	7800	657	0.3107569721115538	
633	408.53028	5000	837	0.199203187250996	
634	409.59705	5600	786	0.22310756972111553	
635	409.81755	3800	970	0.15139442231075698	
636	410.07376	10000	563	0.398406374501992	
637	410.74881	14500	442	0.5776892430278885	
638	410.98015	11500	506	0.4581673306772908	
639	411.44447	5200	816	0.20717131474103587	
640	411.85447	47900	209	1.908366533864542	
641	412.02062	6500	728	0.2589641434262948	
642	412.18023999999997	5900	768	0.2350597609561753	
643	412.25152	4790	863	0.1908366533864542	
644	412.76075	11000	527	0.43824701195219123	
645	413.20579	224000	80	8.92430278884462	
646	413.28989	11700	502	0.46613545816733065	
647	413.46772999999996	26900	287	1.0717131474103585	
648	413.69973999999996	9300	596	0.3705179282868526	
649	414.34143	63000	173	2.50996015936255	
650	414.38678	363000	58	14.46215139442231	
651	414.76687000000004	6900	696	0.2749003984063745	
652	414.93647999999996	3720	982	0.14820717131474104	
653	415.21689	7800	658	0.3107569721115538	
654	415.38993999999997	12300	487	0.4900398406374502	
655	415.44984	18600	354	0.7410358565737052	
656	415.48052	10500	547	0.41832669322709165	
657	415.67985	19100	349	0.7609561752988048	
658	415.77797999999996	8300	632	0.33067729083665337	
659	415.87922000000003	4170	921	0.1661354581673307	
660	417.09015	5100	828	0.20318725099601595	
661	417.21218999999996	6600	715	0.26294820717131473	
662	417.27445	11500	507	0.4581673306772908	
663	417.39205	4470	898	0.17808764940239044	
664	417.49127999999996	13500	461	0.5378486055776892	
665	417.56358	15800	407	0.6294820717131474	
666	417.65656	6600	716	0.26294820717131473	
667	417.75936	12900	475	0.5139442231075697	
668	418.17544	49000	205	1.952191235059761	
669	418.23823	3980	939	0.15856573705179283	
670	418.48915	16600	394	0.6613545816733067	
671	418.70387	49000	206	1.952191235059761	
672	418.77952	52000	195	2.0717131474103585	
673	419.14304	33900	256	1.350597609561753	
674	419.53288	9100	601	0.36254980079681276	
675	419.62080999999995	4790	864	0.1908366533864542	
676	419.82465999999994	9100	602	0.36254980079681276	
677	419.83041	29500	277	1.1752988047808766	
678	419.9095	145000	101	5.776892430278885	
679	420.20289	148000	100	5.896414342629482	
680	420.39845	12300	488	0.4900398406374502	
681	420.66964	11500	508	0.4581673306772908	
682	420.71268	3550	1002	0.14143426294820718	
683	421.03432999999995	18200	365	0.7250996015936255	
684	421.0383	3720	983	0.14820717131474104	
685	421.36470999999995	6600	717	0.26294820717131473	
686	421.61835	54000	191	2.151394422310757	
687	421.75453	6900	697	0.2749003984063745	
688	421.93600999999995	32400	262	1.2908366533864541	
689	422.22128	20400	333	0.8127490039840638	
690	422.41714	8100	641	0.32270916334661354	
691	422.5454	7900	652	0.3147410358565737	
692	422.59554	10500	548	0.41832669322709165	
693	422.74262999999996	54000	192	2.151394422310757	
694	423.36025	42700	222	1.701195219123506	
695	423.59367000000003	89000	135	3.545816733067729	
696	423.88097	15100	426	0.601593625498008	
697	423.97320999999994	6300	736	0.250996015936255	
698	423.98474000000004	8500	624	0.3386454183266932	
699	424.52569000000005	5600	787	0.22310756972111553	
700	424.74253	15800	408	0.6294820717131474	
701	425.01192000000003	71000	158	2.8286852589641436	
702	425.07865999999996	214000	85	8.525896414342629	
703	426.04740999999996	224000	81	8.92430278884462	
704	426.69642000000005	6200	747	0.24701195219123506	
705	426.78262	4680	876	0.18645418326693228	
706	427.11535	87000	139	3.4661354581673307	
707	427.17602	630000	39	25.099601593625497	
708	428.24026	89000	136	3.545816733067729	
709	428.54417	4170	922	0.1661354581673307	
710	429.14634	9800	570	0.3904382470119522	
711	429.41245	58000	184	2.310756972111554	
712	429.80362	6300	737	0.250996015936255	
713	429.9235	63000	171	2.50996015936255	
714	430.54502	3890	950	0.1549800796812749	
715	430.7902	630000	40	25.099601593625497	
716	430.93742000000003	10500	549	0.41832669322709165	
717	431.50843	62000	179	2.4701195219123506	
718	432.57615999999996	830000	27	33.06772908366534	
719	432.70953	3630	994	0.1446215139442231	
720	433.7046	22900	311	0.9123505976095617	
721	435.27344000000005	36300	245	1.4462151394422311	
722	436.75782000000004	9100	603	0.36254980079681276	
723	436.97715	27500	284	1.095617529880478	
724	437.59297999999995	138000	109	5.49800796812749	
725	438.35447	141000	105	5.617529880478088	
726	438.84065	5100	829	0.20318725099601595	
727	439.09502000000003	5500	797	0.21912350597609562	
728	440.47500999999994	810000	28	32.27091633466136	
729	440.84132	3890	951	0.1549800796812749	
730	441.51222	288000	68	11.474103585657371	
731	442.25678	12300	489	0.4900398406374502	
732	442.73096	117000	117	4.661354581673307	
733	443.06137	4170	923	0.1661354581673307	
734	443.32184000000007	3720	984	0.14820717131474104	
735	443.51485999999994	4900	850	0.1952191235059761	
736	444.23387	13500	462	0.5378486055776892	
737	444.3194	14100	445	0.5617529880478087	
738	444.7717	9500	581	0.3784860557768924	
739	445.43807000000004	8300	633	0.33067729083665337	
740	445.91173	9500	582	0.3784860557768924	
741	446.16525	74000	155	2.948207171314741	
742	446.65515	45700	217	1.8207171314741035	
743	446.93753	8300	634	0.33067729083665337	
744	447.60183	25100	296	1.0	
745	447.60752	8100	642	0.32270916334661354	
746	448.21696	37200	239	1.4820717131474104	
747	448.22524000000004	7800	659	0.3107569721115538	
748	448.42195	4570	892	0.18207171314741036	
749	448.97388	12900	476	0.5139442231075697	
750	449.45629	12600	482	0.50199203187251	
751	452.51365	6000	758	0.23904382470119523	
752	452.86139000000003	65000	168	2.589641434262948	
753	453.11478	13800	456	0.549800796812749	
754	454.78470999999996	7800	660	0.3107569721115538	
755	455.61256	4070	933	0.16215139442231075	
756	459.26507999999995	4570	893	0.18207171314741036	
757	460.29407000000003	12900	477	0.5139442231075697	
758	461.12785999999994	4170	924	0.1661354581673307	
759	464.74339000000003	16200	403	0.6454183266932271	
760	465.46283	3630	995	0.1446215139442231	
761	466.74528	5400	807	0.2151394422310757	
762	466.81341	5500	798	0.21912350597609562	
763	467.88455	6200	748	0.24701195219123506	
764	469.14114000000006	11200	519	0.44621513944223107	
765	470.72742	9500	583	0.3784860557768924	
766	471.0283	8900	608	0.3545816733067729	
767	473.67731	18200	366	0.7250996015936255	
768	478.68067	4170	925	0.1661354581673307	
769	478.96505	11500	509	0.4581673306772908	
770	485.97410999999994	24500	299	0.9760956175298805	
771	487.13179	63000	174	2.50996015936255	
772	487.21375	38000	237	1.5139442231075697	
773	487.82108	18200	367	0.7250996015936255	
774	489.07547999999997	58000	185	2.310756972111554	
775	489.14921	117000	118	4.661354581673307	
776	490.33099000000004	17400	380	0.6932270916334662	
777	491.89937000000003	69000	161	2.749003984063745	
778	492.05028	195000	92	7.768924302788845	
779	492.47692	3890	952	0.1549800796812749	
780	493.88135	13200	466	0.5258964143426295	
781	493.96864000000005	11700	503	0.46613545816733065	
782	494.63878	6000	759	0.23904382470119523	
783	495.72983	66000	166	2.6294820717131473	
784	495.75965	295000	66	11.752988047808765	
785	496.60885999999994	13200	467	0.5258964143426295	
786	498.24996	12300	490	0.4900398406374502	
787	498.32504000000006	6500	729	0.2589641434262948	
788	498.38525999999996	8900	609	0.3545816733067729	
789	498.52525999999995	7200	684	0.2868525896414343	
790	498.55469000000005	6900	698	0.2749003984063745	
791	499.41292000000004	18600	355	0.7410358565737052	
792	500.18633	20900	328	0.8326693227091634	
793	500.5712	15800	409	0.6294820717131474	
794	500.61188	41700	225	1.6613545816733069	
795	500.7275	5400	808	0.2151394422310757	
796	501.20680999999996	65000	169	2.589641434262948	
797	501.49420999999995	12900	478	0.5139442231075697	
798	502.22352	7100	691	0.28286852589641437	
799	502.71227000000005	4470	899	0.17808764940239044	
800	502.8126	6300	738	0.250996015936255	
801	503.56999	5200	817	0.20717131474103587	
802	504.10713	17800	370	0.7091633466135459	
803	504.17557	56000	189	2.231075697211155	
804	504.98194000000007	27500	285	1.095617529880478	
805	505.16342000000003	38900	232	1.549800796812749	
806	506.50181	6900	699	0.2749003984063745	
807	506.87655	12900	479	0.5139442231075697	
808	507.4748	10200	554	0.4063745019920319	
809	507.89745	4790	865	0.1908366533864542	
810	507.92227	3980	940	0.15856573705179283	
811	507.97396	11200	520	0.44621513944223107	
812	508.33382	23400	307	0.9322709163346613	
813	509.07735999999994	3550	1003	0.14143426294820718	
814	509.69977	4470	900	0.17808764940239044	
815	509.86978	6800	708	0.27091633466135456	
816	510.74470999999994	15800	410	0.6294820717131474	
817	510.76407	34700	252	1.3824701195219125	
818	511.04128	40700	227	1.6215139442231075	
819	512.37196	15100	427	0.601593625498008	
820	512.51168	8300	635	0.33067729083665337	
821	512.7359	13500	463	0.5378486055776892	
822	513.36882	20900	329	0.8326693227091634	
823	513.7381799999999	6900	700	0.2749003984063745	
824	513.92511	22400	313	0.8924302788844621	
825	513.94625	45700	218	1.8207171314741035	
826	514.25409	3890	953	0.1549800796812749	
827	514.29282	15800	411	0.6294820717131474	
828	515.08392	13800	457	0.549800796812749	
829	515.1911	8700	613	0.3466135458167331	
830	516.22725	9800	571	0.3904382470119522	
831	516.62819	15500	417	0.6175298804780877	
832	516.7488099999999	760000	32	30.278884462151396	
833	516.88978	22400	314	0.8924302788844621	
834	517.1596	162000	98	6.4541832669322705	
835	519.14546	31600	267	1.2589641434262948	
836	519.2343900000001	47900	210	1.908366533864542	
837	519.49414	72000	157	2.8685258964143427	
838	519.54719	6500	730	0.2589641434262948	
839	520.23357	8300	636	0.33067729083665337	
840	520.45823	6600	718	0.26294820717131473	
841	520.8593599999999	12300	491	0.4900398406374502	
842	521.51803	11500	510	0.4581673306772908	
843	521.62737	58000	186	2.310756972111554	
844	521.7389	8900	610	0.3545816733067729	
845	522.6862	30900	269	1.2310756972111554	
846	522.71503	8700	615	0.3466135458167331	
847	522.7189099999999	437000	51	17.410358565737052	
848	522.98482	8700	616	0.3466135458167331	
849	523.294	123000	112	4.900398406374502	
850	524.2490700000001	8900	611	0.3545816733067729	
851	525.0645599999999	4470	901	0.17808764940239044	
852	526.33059	11500	511	0.4581673306772908	
853	526.6555	51000	198	2.0318725099601593	
854	526.9537	1020000	16	40.63745019920319	
855	527.0356	288000	69	11.474103585657371	
856	527.31632	7800	661	0.3107569721115538	
857	528.179	15800	412	0.6294820717131474	
858	528.36207	33900	257	1.350597609561753	
859	530.73607	7800	662	0.3107569721115538	
860	532.41787	78000	149	3.1075697211155378	
861	532.80383	740000	35	29.48207171314741	
862	532.85313	105000	127	4.183266932270916	
863	533.28994	11000	528	0.43824701195219123	
864	533.9929	19500	344	0.7768924302788844	
865	534.1023700000001	81000	147	3.2270916334661353	
866	536.4870900000001	10000	564	0.398406374501992	
867	536.5398700000001	8700	617	0.3466135458167331	
868	536.7466	14800	430	0.5896414342629482	
869	536.99615	20400	334	0.8127490039840638	
870	537.14893	389000	55	15.49800796812749	
871	538.33688	30900	270	1.2310756972111554	
872	539.31673	16600	395	0.6613545816733067	
873	539.71276	132000	110	5.258964143426295	
874	540.05018	4680	877	0.18645418326693228	
875	540.4116799999999	9500	584	0.3784860557768924	
876	540.41513	17000	386	0.6772908366533864	
877	540.57749	145000	103	5.776892430278885	
878	541.09095	11200	521	0.44621513944223107	
879	541.51989	22400	315	0.8924302788844621	
880	542.40678	28800	278	1.1474103585657371	
881	542.96964	145000	104	5.776892430278885	
882	543.45235	107000	125	4.2629482071713145	
883	544.50421	7100	692	0.28286852589641437	
884	544.68743	3890	954	0.1549800796812749	
885	544.69164	182000	95	7.250996015936255	
886	545.54541	9800	572	0.3904382470119522	
887	545.56092	115000	120	4.581673306772909	
888	546.32759	5000	838	0.199203187250996	
889	547.65639	5000	839	0.199203187250996	
890	549.75157	19100	350	0.7609561752988048	
891	550.1464900000001	14500	443	0.5776892430278885	
892	550.67788	22400	316	0.8924302788844621	
893	556.96177	9800	573	0.3904382470119522	
894	557.2842	17800	371	0.7091633466135459	
895	557.60884	5400	809	0.2151394422310757	
896	558.67555	25700	295	1.0239043824701195	
897	560.29447	4570	894	0.18207171314741036	
898	561.56435	37200	240	1.4820717131474104	
899	562.45418	5900	769	0.2350597609561753	
900	565.8816	5400	810	0.2151394422310757	
901	606.5482	4790	852	0.1908366533864542	
902	613.76913	6800	709	0.27091633466135456	
903	619.1558	6000	750	0.23904382470119523	
904	623.0722599999999	6600	719	0.26294820717131473	
905	624.63184	4900	851	0.1952191235059761	
906	625.2555	9500	585	0.3784860557768924	
907	625.42581	5100	830	0.20318725099601595	
908	628.06178	3800	971	0.15139442231075698	
909	629.77927	4680	878	0.18645418326693228	
910	630.15008	33100	260	1.3187250996015936	
911	630.24932	10700	537	0.4262948207171315	
912	631.53063	7400	673	0.2948207171314741	
913	631.5811	5000	840	0.199203187250996	
914	631.80171	37200	241	1.4820717131474104	
915	632.26851	15500	418	0.6175298804780877	
916	633.53304	51000	199	2.0318725099601593	
917	633.68239	65000	170	2.589641434262948	
918	633.88771	3800	972	0.15139442231075698	
919	634.4148700000001	9500	586	0.3784860557768924	
920	635.5028599999999	17000	387	0.6772908366533864	
921	635.86333	7800	663	0.3107569721115538	
922	635.86972	28200	281	1.1235059760956174	
923	636.28759	6600	720	0.26294820717131473	
924	638.0742799999999	15800	413	0.6294820717131474	
925	639.36009	302000	65	12.03187250996016	
926	640.00008	490000	47	19.52191235059761	
927	640.03175	28200	282	1.1235059760956174	
928	640.80179	74000	156	2.948207171314741	
929	641.16489	219000	84	8.725099601593625	
930	641.99492	36300	246	1.4462151394422311	
931	642.13504	257000	72	10.239043824701195	
932	643.0846	209000	87	8.326693227091633	
933	646.2725	33100	258	1.3187250996015936	
934	646.91926	10200	555	0.4063745019920319	
935	647.5624	13200	468	0.5258964143426295	
936	648.18699	15800	414	0.6294820717131474	
937	649.498	870000	24	34.66135458167331	
938	649.57418	5800	778	0.23107569721115537	
939	649.64661	18600	356	0.7410358565737052	
940	649.89388	19100	351	0.7609561752988048	
941	650.16718	15100	428	0.601593625498008	
942	651.83667	18600	357	0.7410358565737052	
943	652.85345	6000	760	0.23904382470119523	
944	653.3929	6600	721	0.26294820717131473	
945	654.6239	224000	82	8.92430278884462	
946	656.92151	45700	219	1.8207171314741035	
947	657.4228	10000	556	0.398406374501992	
948	657.5015400000001	22400	317	0.8924302788844621	
949	658.12097	4170	926	0.1661354581673307	
950	659.29134	155000	99	6.175298804780876	
951	659.3870099999999	71000	159	2.8286852589641436	
952	659.7560599999999	8700	618	0.3466135458167331	
953	660.91098	24000	302	0.9561752988047809	
954	662.50216	3980	941	0.15856573705179283	
955	662.75444	4680	879	0.18645418326693228	
956	663.37492	12000	495	0.47808764940239046	
957	663.41067	3980	942	0.15856573705179283	
958	666.32321	6000	761	0.23904382470119523	
959	666.34417	63000	175	2.50996015936255	
960	667.79865	240000	76	9.56175298804781	
961	670.3567	8700	619	0.3466135458167331	
962	670.5102	4790	866	0.1908366533864542	
963	671.0319099999999	3550	1004	0.14143426294820718	
964	671.30465	4070	934	0.16215139442231075	
965	671.53828	3980	943	0.15856573705179283	
966	671.62368	3890	955	0.1549800796812749	
967	672.53568	3980	944	0.15856573705179283	
968	672.66664	5600	788	0.22310756972111553	
969	673.31508	4680	880	0.18645418326693228	
970	675.0152	52000	196	2.0717131474103585	
971	675.27067	7200	685	0.2868525896414343	
972	675.5605	4170	927	0.1661354581673307	
973	678.6859900000001	3800	973	0.15139442231075698	
974	724.8107	7400	674	0.2948207171314741	
975	744.5750400000001	5800	779	0.23107569721115537	
976	749.5067	5000	841	0.199203187250996	
977	751.102	7800	664	0.3107569721115538	
978	758.60182	6000	762	0.23904382470119523	
979	793.7140099999999	5200	818	0.20717131474103587	
980	794.58464	5100	831	0.20318725099601595	
981	799.89453	4270	917	0.1701195219123506	
982	804.60474	3630	996	0.1446215139442231	
983	822.0378400000001	18600	358	0.7410358565737052	
984	832.7055799999999	21900	320	0.8725099601593626	
985	833.19151	4680	881	0.18645418326693228	
986	838.77719	26300	292	1.047808764940239	
987	846.84069	6800	710	0.27091633466135456	
988	851.40716	5200	819	0.20717131474103587	
989	861.18034	4680	882	0.18645418326693228	
990	866.1899400000001	20900	330	0.8326693227091634	
991	867.47459	6900	701	0.2749003984063745	
992	868.8624900000001	8100	643	0.32270916334661354	
993	875.71871	3630	997	0.1446215139442231	
994	879.33433	3800	974	0.15139442231075698	
995	882.42205	23400	308	0.9322709163346613	
996	883.84284	3720	985	0.14820717131474104	
997	886.6932400000001	5400	811	0.2151394422310757	
998	899.9556	14500	444	0.5776892430278885	
999	905.8760000000001	4170	928	0.1661354581673307	
1000	908.8318	3550	1005	0.14143426294820718	
1001	917.3543	4370	910	0.17410358565737052	
1002	919.5144	5600	789	0.22310756972111553	
1003	973.8572	5600	790	0.22310756972111553	
1004	994.7842	3890	945	0.1549800796812749	
